Importer Log Report
Document: F:\FPGA_Modules\cp_som_one-main\cp_som_one-main\kicad\som_fpga.kicad_pcb
    Section : Analyze Document from - F:\FPGA_Modules\cp_som_one-main\cp_som_one-main\kicad\som_fpga.kicad_pcb
        Warning: Unknown child stroke of fp_line.
        Warning: Unknown child stroke of fp_line.
        Warning: Unknown child stroke of fp_line.
        Warning: Unknown child stroke of fp_line.
        Warning: Unknown child stroke of fp_line.
        Warning: Unknown child stroke of fp_line.
        Warning: Unknown child stroke of fp_line.
        Warning: Unknown child stroke of fp_line.
        Warning: Unknown child stroke of fp_line.
        Warning: Unknown child stroke of fp_line.
        Warning: Unknown child stroke of fp_line.
        Warning: Unknown child stroke of fp_line.
        Warning: Unknown child stroke of fp_line.
        Warning: Unknown child stroke of fp_line.
        Warning: Unknown child stroke of fp_line.
        Warning: Unknown child stroke of fp_line.
        Warning: Unknown child stroke of fp_line.
        Warning: Unknown child stroke of fp_line.
        Warning: Unknown child stroke of fp_line.
        Warning: Unknown child stroke of fp_line.
        Warning: Unknown child stroke of fp_line.
        Warning: Unknown child stroke of fp_line.
        Warning: Unknown child stroke of fp_line.
        Warning: Unknown child stroke of fp_line.
        Warning: Unknown child stroke of fp_line.
        Warning: Unknown child stroke of fp_line.
        Warning: Unknown child stroke of fp_line.
        Warning: Unknown child stroke of fp_line.
        Warning: Unknown child stroke of fp_line.
        Warning: Unknown child stroke of fp_line.
        Warning: Unknown child stroke of fp_line.
        Warning: Unknown child stroke of fp_line.
        Warning: Unknown child stroke of fp_line.
        Warning: Unknown child stroke of fp_line.
        Warning: Unknown child stroke of fp_line.
        Warning: Unknown child stroke of fp_line.
        Warning: Unknown child stroke of fp_line.
        Warning: Unknown child stroke of fp_line.
        Warning: Unknown child stroke of fp_line.
        Warning: Unknown child stroke of fp_line.
        Warning: Unknown child stroke of fp_line.
        Warning: Unknown child stroke of fp_line.
        Warning: Unknown child stroke of fp_line.
        Warning: Unknown child stroke of fp_line.
        Warning: Unknown child stroke of fp_line.
        Warning: Unknown child stroke of fp_line.
        Warning: Unknown child stroke of fp_line.
        Warning: Unknown child stroke of fp_circle.
        Warning: Unknown child stroke of fp_circle.
        Warning: Unknown child stroke of fp_line.
        Warning: Unknown child stroke of fp_line.
        Warning: Unknown child stroke of fp_line.
        Warning: Unknown child stroke of fp_line.
        Warning: Unknown child stroke of fp_line.
        Warning: Unknown child stroke of fp_line.
        Warning: Unknown child stroke of fp_line.
        Warning: Unknown child stroke of fp_line.
        Warning: Unknown child stroke of fp_line.
        Warning: Unknown child stroke of fp_line.
        Warning: Unknown child stroke of fp_line.
        Warning: Unknown child stroke of fp_line.
        Warning: Unknown child stroke of fp_line.
        Warning: Unknown child stroke of fp_line.
        Warning: Unknown child stroke of fp_line.
        Warning: Unknown child stroke of fp_line.
        Warning: Unknown child stroke of fp_line.
        Warning: Unknown child stroke of fp_line.
        Warning: Unknown child stroke of fp_line.
        Warning: Unknown child stroke of fp_line.
        Warning: Unknown child stroke of fp_line.
        Warning: Unknown child stroke of fp_line.
        Warning: Unknown child stroke of fp_line.
        Warning: Unknown child stroke of fp_line.
        Warning: Unknown child stroke of fp_line.
        Warning: Unknown child stroke of fp_line.
        Warning: Unknown child stroke of fp_line.
        Warning: Unknown child stroke of fp_circle.
        Warning: Unknown child stroke of fp_circle.
        Warning: Unknown child stroke of fp_line.
        Warning: Unknown child stroke of fp_line.
        Warning: Unknown child stroke of fp_line.
        Warning: Unknown child stroke of fp_line.
        Warning: Unknown child stroke of fp_line.
        Warning: Unknown child stroke of fp_line.
        Warning: Unknown child stroke of fp_line.
        Warning: Unknown child stroke of fp_line.
        Warning: Unknown child stroke of fp_line.
        Warning: Unknown child stroke of fp_line.
        Warning: Unknown child stroke of fp_line.
        Warning: Unknown child stroke of fp_line.
        Warning: Unknown child stroke of fp_line.
        Warning: Unknown child stroke of fp_line.
        Warning: Unknown child stroke of fp_line.
        Warning: Unknown child stroke of fp_line.
        Warning: Unknown child stroke of fp_line.
        Warning: Unknown child stroke of fp_line.
        Warning: Unknown child stroke of fp_line.
        Warning: Unknown child stroke of fp_line.
        Warning: Unknown child stroke of fp_line.
        Warning: Unknown child stroke of fp_line.
        Warning: Unknown child stroke of fp_line.
        Warning: Unknown child stroke of fp_line.
        Warning: Unknown child stroke of fp_line.
        Warning: Unknown child stroke of fp_line.
        Warning: Unknown child stroke of fp_line.
        Warning: Unknown child stroke of fp_line.
        Warning: Unknown child stroke of fp_line.
        Warning: Unknown child stroke of fp_line.
        Warning: Unknown child stroke of fp_line.
        Warning: Unknown child stroke of fp_line.
        Warning: Unknown child stroke of fp_line.
        Warning: Unknown child stroke of fp_line.
        Warning: Unknown child stroke of fp_line.
        Warning: Unknown child stroke of fp_line.
        Warning: Unknown child stroke of fp_line.
        Warning: Unknown child stroke of fp_line.
        Warning: Unknown child stroke of fp_line.
        Warning: Unknown child stroke of fp_line.
        Warning: Unknown child stroke of fp_line.
        Warning: Unknown child stroke of fp_line.
        Warning: Unknown child stroke of fp_line.
        Warning: Unknown child stroke of fp_line.
        Warning: Unknown child stroke of fp_line.
        Warning: Unknown child stroke of fp_line.
        Warning: Unknown child stroke of fp_line.
        Warning: Unknown child stroke of fp_line.
        Warning: Unknown child stroke of fp_line.
        Warning: Unknown child stroke of fp_line.
        Warning: Unknown child stroke of fp_line.
        Warning: Unknown child stroke of fp_line.
        Warning: Unknown child stroke of fp_line.
        Warning: Unknown child stroke of fp_line.
        Warning: Unknown child stroke of fp_line.
        Warning: Unknown child stroke of fp_line.
        Warning: Unknown child stroke of fp_line.
        Warning: Unknown child stroke of fp_line.
        Warning: Unknown child stroke of fp_line.
        Warning: Unknown child stroke of fp_line.
        Warning: Unknown child stroke of fp_line.
        Warning: Unknown child stroke of fp_line.
        Warning: Unknown child stroke of fp_line.
        Warning: Unknown child stroke of fp_line.
        Warning: Unknown child stroke of fp_line.
        Warning: Unknown child stroke of fp_line.
        Warning: Unknown child stroke of fp_line.
        Warning: Unknown child stroke of fp_line.
        Warning: Unknown child stroke of fp_line.
        Warning: Unknown child stroke of fp_line.
        Warning: Unknown child stroke of fp_line.
        Warning: Unknown child stroke of fp_line.
        Warning: Unknown child stroke of fp_line.
        Warning: Unknown child stroke of fp_line.
        Warning: Unknown child stroke of fp_line.
        Warning: Unknown child stroke of fp_line.
        Warning: Unknown child stroke of fp_line.
        Warning: Unknown child stroke of fp_poly.
        Warning: Unknown child stroke of fp_poly.
        Warning: Unknown child stroke of fp_poly.
        Warning: Unknown child stroke of fp_poly.
        Warning: Unknown child stroke of fp_poly.
        Warning: Unknown child stroke of fp_poly.
        Warning: Unknown child stroke of fp_poly.
        Warning: Unknown child stroke of fp_poly.
        Warning: Unknown child stroke of fp_poly.
        Warning: Unknown child stroke of fp_poly.
        Warning: Unknown child stroke of fp_poly.
        Warning: Unknown child stroke of fp_poly.
        Warning: Unknown child stroke of fp_poly.
        Warning: Unknown child stroke of fp_poly.
        Warning: Unknown child stroke of fp_poly.
        Warning: Unknown child stroke of fp_poly.
        Warning: Unknown child stroke of fp_line.
        Warning: Unknown child stroke of fp_line.
        Warning: Unknown child stroke of fp_line.
        Warning: Unknown child stroke of fp_line.
        Warning: Unknown child stroke of fp_line.
        Warning: Unknown child stroke of fp_line.
        Warning: Unknown child stroke of fp_line.
        Warning: Unknown child stroke of fp_line.
        Warning: Unknown child stroke of fp_line.
        Warning: Unknown child stroke of fp_line.
        Warning: Unknown child stroke of fp_line.
        Warning: Unknown child stroke of fp_line.
        Warning: Unknown child stroke of fp_line.
        Warning: Unknown child stroke of fp_line.
        Warning: Unknown child stroke of fp_line.
        Warning: Unknown child stroke of fp_line.
        Warning: Unknown child stroke of fp_line.
        Warning: Unknown child stroke of fp_line.
        Warning: Unknown child stroke of fp_line.
        Warning: Unknown child stroke of fp_line.
        Warning: Unknown child stroke of fp_line.
        Warning: Unknown child stroke of fp_line.
        Warning: Unknown child stroke of fp_line.
        Warning: Unknown child stroke of fp_line.
        Warning: Unknown child stroke of fp_line.
        Warning: Unknown child stroke of fp_line.
        Warning: Unknown child stroke of fp_line.
        Warning: Unknown child stroke of fp_line.
        Warning: Unknown child stroke of fp_line.
        Warning: Unknown child stroke of fp_line.
        Warning: Unknown child stroke of fp_line.
        Warning: Unknown child stroke of fp_line.
        Warning: Unknown child stroke of fp_line.
        Warning: Unknown child stroke of fp_line.
        Warning: Unknown child stroke of fp_line.
        Warning: Unknown child stroke of fp_line.
        Warning: Unknown child stroke of fp_line.
        Warning: Unknown child stroke of fp_line.
        Warning: Unknown child stroke of fp_line.
        Warning: Unknown child stroke of fp_line.
        Warning: Unknown child stroke of fp_line.
        Warning: Unknown child stroke of fp_line.
        Warning: Unknown child stroke of fp_line.
        Warning: Unknown child stroke of fp_line.
        Warning: Unknown child stroke of fp_line.
        Warning: Unknown child stroke of fp_line.
        Warning: Unknown child stroke of fp_line.
        Warning: Unknown child stroke of fp_line.
        Warning: Unknown child stroke of fp_line.
        Warning: Unknown child stroke of fp_line.
        Warning: Unknown child stroke of fp_line.
        Warning: Unknown child stroke of fp_line.
        Warning: Unknown child stroke of fp_line.
        Warning: Unknown child stroke of fp_line.
        Warning: Unknown child stroke of fp_line.
        Warning: Unknown child stroke of fp_line.
        Warning: Unknown child stroke of fp_line.
        Warning: Unknown child stroke of fp_line.
        Warning: Unknown child stroke of fp_line.
        Warning: Unknown child stroke of fp_line.
        Warning: Unknown child stroke of fp_line.
        Warning: Unknown child stroke of fp_line.
        Warning: Unknown child stroke of fp_line.
        Warning: Unknown child stroke of fp_line.
        Warning: Unknown child stroke of fp_line.
        Warning: Unknown child stroke of fp_line.
        Warning: Unknown child stroke of fp_line.
        Warning: Unknown child stroke of fp_line.
        Warning: Unknown child stroke of fp_line.
        Warning: Unknown child stroke of fp_line.
        Warning: Unknown child stroke of fp_line.
        Warning: Unknown child stroke of fp_line.
        Warning: Unknown child stroke of fp_line.
        Warning: Unknown child stroke of fp_line.
        Warning: Unknown child stroke of fp_line.
        Warning: Unknown child stroke of fp_line.
        Warning: Unknown child stroke of fp_line.
        Warning: Unknown child stroke of fp_line.
        Warning: Unknown child stroke of fp_line.
        Warning: Unknown child stroke of fp_line.
        Warning: Unknown child stroke of fp_circle.
        Warning: Unknown child stroke of fp_circle.
        Warning: Unknown child stroke of fp_line.
        Warning: Unknown child stroke of fp_line.
        Warning: Unknown child stroke of fp_line.
        Warning: Unknown child stroke of fp_line.
        Warning: Unknown child stroke of fp_line.
        Warning: Unknown child stroke of fp_line.
        Warning: Unknown child stroke of fp_line.
        Warning: Unknown child stroke of fp_line.
        Warning: Unknown child stroke of fp_line.
        Warning: Unknown child stroke of fp_line.
        Warning: Unknown child stroke of fp_line.
        Warning: Unknown child stroke of fp_line.
        Warning: Unknown child stroke of fp_line.
        Warning: Unknown child stroke of fp_line.
        Warning: Unknown child stroke of fp_line.
        Warning: Unknown child stroke of fp_line.
        Warning: Unknown child stroke of fp_line.
        Warning: Unknown child stroke of fp_line.
        Warning: Unknown child stroke of fp_line.
        Warning: Unknown child stroke of fp_line.
        Warning: Unknown child stroke of fp_line.
        Warning: Unknown child stroke of fp_line.
        Warning: Unknown child stroke of fp_line.
        Warning: Unknown child stroke of fp_line.
        Warning: Unknown child stroke of fp_line.
        Warning: Unknown child stroke of fp_line.
        Warning: Unknown child stroke of fp_line.
        Warning: Unknown child stroke of fp_line.
        Warning: Unknown child stroke of fp_line.
        Warning: Unknown child stroke of fp_line.
        Warning: Unknown child stroke of fp_line.
        Warning: Unknown child stroke of fp_line.
        Warning: Unknown child stroke of fp_line.
        Warning: Unknown child stroke of fp_line.
        Warning: Unknown child stroke of fp_line.
        Warning: Unknown child stroke of fp_line.
        Warning: Unknown child stroke of fp_line.
        Warning: Unknown child stroke of fp_line.
        Warning: Unknown child stroke of fp_line.
        Warning: Unknown child stroke of fp_line.
        Warning: Unknown child stroke of fp_line.
        Warning: Unknown child stroke of fp_line.
        Warning: Unknown child stroke of fp_line.
        Warning: Unknown child stroke of fp_line.
        Warning: Unknown child stroke of fp_line.
        Warning: Unknown child stroke of fp_line.
        Warning: Unknown child stroke of fp_line.
        Warning: Unknown child stroke of fp_line.
        Warning: Unknown child stroke of fp_line.
        Warning: Unknown child stroke of fp_line.
        Warning: Unknown child stroke of fp_line.
        Warning: Unknown child stroke of fp_line.
        Warning: Unknown child stroke of fp_line.
        Warning: Unknown child stroke of fp_line.
        Warning: Unknown child stroke of fp_line.
        Warning: Unknown child stroke of fp_line.
        Warning: Unknown child stroke of fp_line.
        Warning: Unknown child stroke of fp_line.
        Warning: Unknown child stroke of fp_line.
        Warning: Unknown child stroke of fp_line.
        Warning: Unknown child stroke of fp_line.
        Warning: Unknown child stroke of fp_line.
        Warning: Unknown child stroke of fp_line.
        Warning: Unknown child stroke of fp_line.
        Warning: Unknown child stroke of fp_line.
        Warning: Unknown child stroke of fp_line.
        Warning: Unknown child stroke of fp_line.
        Warning: Unknown child stroke of fp_line.
        Warning: Unknown child stroke of fp_line.
        Warning: Unknown child stroke of fp_line.
        Warning: Unknown child stroke of fp_line.
        Warning: Unknown child stroke of fp_line.
        Warning: Unknown child stroke of fp_line.
        Warning: Unknown child stroke of fp_line.
        Warning: Unknown child stroke of fp_line.
        Warning: Unknown child stroke of fp_line.
        Warning: Unknown child stroke of fp_line.
        Warning: Unknown child stroke of fp_line.
        Warning: Unknown child stroke of fp_line.
        Warning: Unknown child stroke of fp_line.
        Warning: Unknown child stroke of fp_line.
        Warning: Unknown child stroke of fp_line.
        Warning: Unknown child stroke of fp_line.
        Warning: Unknown child stroke of fp_line.
        Warning: Unknown child stroke of fp_line.
        Warning: Unknown child stroke of fp_line.
        Warning: Unknown child stroke of fp_line.
        Warning: Unknown child stroke of fp_line.
        Warning: Unknown child stroke of fp_line.
        Warning: Unknown child stroke of fp_line.
        Warning: Unknown child stroke of fp_line.
        Warning: Unknown child stroke of fp_line.
        Warning: Unknown child stroke of fp_line.
        Warning: Unknown child stroke of fp_line.
        Warning: Unknown child stroke of fp_line.
        Warning: Unknown child stroke of fp_line.
        Warning: Unknown child stroke of fp_line.
        Warning: Unknown child stroke of fp_line.
        Warning: Unknown child stroke of fp_line.
        Warning: Unknown child stroke of fp_line.
        Warning: Unknown child stroke of fp_line.
        Warning: Unknown child stroke of fp_line.
        Warning: Unknown child stroke of fp_line.
        Warning: Unknown child stroke of fp_line.
        Warning: Unknown child stroke of fp_line.
        Warning: Unknown child stroke of fp_line.
        Warning: Unknown child stroke of fp_line.
        Warning: Unknown child stroke of fp_line.
        Warning: Unknown child stroke of fp_line.
        Warning: Unknown child stroke of fp_line.
        Warning: Unknown child stroke of fp_line.
        Warning: Unknown child stroke of fp_line.
        Warning: Unknown child stroke of fp_line.
        Warning: Unknown child stroke of fp_line.
        Warning: Unknown child stroke of fp_line.
        Warning: Unknown child stroke of fp_line.
        Warning: Unknown child stroke of fp_line.
        Warning: Unknown child stroke of fp_line.
        Warning: Unknown child stroke of fp_line.
        Warning: Unknown child stroke of fp_line.
        Warning: Unknown child stroke of fp_line.
        Warning: Unknown child stroke of fp_line.
        Warning: Unknown child stroke of fp_line.
        Warning: Unknown child stroke of fp_line.
        Warning: Unknown child stroke of fp_line.
        Warning: Unknown child stroke of fp_line.
        Warning: Pad name is empty, autogenerated name 'Un1' assigned to pad pad.
        Warning: Pad name is empty, autogenerated name 'Un2' assigned to pad pad.
        Warning: Pad name is empty, autogenerated name 'Un3' assigned to pad pad.
        Warning: Pad name is empty, autogenerated name 'Un4' assigned to pad pad.
        Warning: Unknown child stroke of fp_line.
        Warning: Unknown child stroke of fp_line.
        Warning: Unknown child stroke of fp_line.
        Warning: Unknown child stroke of fp_line.
        Warning: Unknown child stroke of fp_line.
        Warning: Unknown child stroke of fp_line.
        Warning: Unknown child stroke of fp_line.
        Warning: Unknown child stroke of fp_line.
        Warning: Unknown child stroke of fp_line.
        Warning: Unknown child stroke of fp_line.
        Warning: Unknown child stroke of fp_line.
        Warning: Unknown child stroke of fp_line.
        Warning: Unknown child stroke of fp_line.
        Warning: Unknown child stroke of fp_line.
        Warning: Unknown child stroke of fp_line.
        Warning: Unknown child stroke of fp_line.
        Warning: Unknown child stroke of fp_line.
        Warning: Unknown child stroke of fp_line.
        Warning: Unknown child stroke of fp_line.
        Warning: Unknown child stroke of fp_line.
        Warning: Unknown child stroke of fp_line.
        Warning: Unknown child stroke of fp_line.
        Warning: Unknown child stroke of fp_line.
        Warning: Unknown child stroke of fp_line.
        Warning: Unknown child stroke of fp_line.
        Warning: Unknown child stroke of fp_line.
        Warning: Unknown child stroke of fp_line.
        Warning: Unknown child stroke of fp_line.
        Warning: Unknown child stroke of fp_line.
        Warning: Unknown child stroke of fp_line.
        Warning: Unknown child stroke of fp_line.
        Warning: Unknown child stroke of fp_line.
        Warning: Unknown child stroke of fp_line.
        Warning: Unknown child stroke of fp_line.
        Warning: Unknown child stroke of fp_line.
        Warning: Unknown child stroke of fp_line.
        Warning: Unknown child stroke of fp_line.
        Warning: Unknown child stroke of fp_line.
        Warning: Unknown child stroke of fp_line.
        Warning: Unknown child stroke of fp_line.
        Warning: Unknown child stroke of fp_line.
        Warning: Unknown child stroke of fp_line.
        Warning: Unknown child stroke of fp_line.
        Warning: Unknown child stroke of fp_line.
        Warning: Unknown child stroke of fp_line.
        Warning: Unknown child stroke of fp_line.
        Warning: Unknown child stroke of fp_line.
        Warning: Unknown child stroke of fp_line.
        Warning: Unknown child stroke of fp_line.
        Warning: Unknown child stroke of fp_line.
        Warning: Unknown child stroke of fp_line.
        Warning: Unknown child stroke of fp_line.
        Warning: Unknown child stroke of fp_line.
        Warning: Unknown child stroke of fp_line.
        Warning: Unknown child stroke of fp_line.
        Warning: Unknown child stroke of fp_line.
        Warning: Unknown child stroke of fp_line.
        Warning: Unknown child stroke of fp_line.
        Warning: Unknown child stroke of fp_line.
        Warning: Unknown child stroke of fp_line.
        Warning: Unknown child stroke of fp_line.
        Warning: Unknown child stroke of fp_line.
        Warning: Unknown child stroke of fp_line.
        Warning: Unknown child stroke of fp_line.
        Warning: Unknown child stroke of fp_line.
        Warning: Unknown child stroke of fp_line.
        Warning: Unknown child stroke of fp_line.
        Warning: Unknown child stroke of fp_line.
        Warning: Unknown child stroke of fp_line.
        Warning: Unknown child stroke of fp_line.
        Warning: Unknown child stroke of fp_line.
        Warning: Unknown child stroke of fp_line.
        Warning: Unknown child stroke of fp_circle.
        Warning: Unknown child stroke of fp_circle.
        Warning: Unknown child stroke of fp_line.
        Warning: Unknown child stroke of fp_line.
        Warning: Unknown child stroke of fp_line.
        Warning: Unknown child stroke of fp_line.
        Warning: Unknown child stroke of fp_line.
        Warning: Unknown child stroke of fp_line.
        Warning: Unknown child stroke of fp_line.
        Warning: Unknown child stroke of fp_line.
        Warning: Unknown child stroke of fp_line.
        Warning: Unknown child stroke of fp_line.
        Warning: Unknown child stroke of fp_line.
        Warning: Unknown child stroke of fp_line.
        Warning: Unknown child stroke of fp_line.
        Warning: Unknown child stroke of fp_line.
        Warning: Unknown child stroke of fp_line.
        Warning: Unknown child stroke of fp_line.
        Warning: Unknown child stroke of fp_line.
        Warning: Unknown child stroke of fp_line.
        Warning: Unknown child stroke of fp_line.
        Warning: Unknown child stroke of fp_line.
        Warning: Unknown child stroke of fp_line.
        Warning: Unknown child stroke of fp_line.
        Warning: Unknown child stroke of fp_line.
        Warning: Unknown child stroke of fp_line.
        Warning: Unknown child stroke of fp_line.
        Warning: Unknown child stroke of fp_line.
        Warning: Unknown child stroke of fp_line.
        Warning: Unknown child stroke of fp_line.
        Warning: Unknown child stroke of fp_line.
        Warning: Unknown child stroke of fp_line.
        Warning: Unknown child stroke of fp_line.
        Warning: Unknown child stroke of fp_line.
        Warning: Unknown child stroke of fp_line.
        Warning: Unknown child stroke of fp_line.
        Warning: Unknown child stroke of fp_line.
        Warning: Unknown child stroke of fp_line.
        Warning: Unknown child stroke of fp_line.
        Warning: Unknown child stroke of fp_line.
        Warning: Unknown child stroke of fp_line.
        Warning: Unknown child stroke of fp_line.
        Warning: Unknown child stroke of fp_line.
        Warning: Unknown child stroke of fp_line.
        Warning: Unknown child stroke of fp_line.
        Warning: Unknown child stroke of fp_line.
        Warning: Unknown child stroke of fp_line.
        Warning: Unknown child stroke of fp_line.
        Warning: Unknown child stroke of fp_line.
        Warning: Unknown child stroke of fp_line.
        Warning: Unknown child stroke of fp_line.
        Warning: Unknown child stroke of fp_line.
        Warning: Unknown child stroke of fp_line.
        Warning: Unknown child stroke of fp_line.
        Warning: Unknown child stroke of fp_line.
        Warning: Unknown child stroke of fp_line.
        Warning: Unknown child stroke of fp_line.
        Warning: Unknown child stroke of fp_line.
        Warning: Unknown child stroke of fp_line.
        Warning: Unknown child stroke of fp_line.
        Warning: Unknown child stroke of fp_line.
        Warning: Unknown child stroke of fp_line.
        Warning: Unknown child stroke of fp_line.
        Warning: Unknown child stroke of fp_line.
        Warning: Unknown child stroke of fp_line.
        Warning: Unknown child stroke of fp_line.
        Warning: Unknown child stroke of fp_line.
        Warning: Unknown child stroke of fp_line.
        Warning: Unknown child stroke of fp_line.
        Warning: Unknown child stroke of fp_line.
        Warning: Unknown child stroke of fp_line.
        Warning: Unknown child stroke of fp_line.
        Warning: Unknown child stroke of fp_line.
        Warning: Unknown child stroke of fp_line.
        Warning: Unknown child stroke of fp_line.
        Warning: Unknown child stroke of fp_line.
        Warning: Unknown child stroke of fp_line.
        Warning: Unknown child stroke of fp_line.
        Warning: Unknown child stroke of fp_line.
        Warning: Unknown child stroke of fp_line.
        Warning: Unknown child stroke of fp_line.
        Warning: Unknown child stroke of fp_line.
        Warning: Unknown child stroke of fp_line.
        Warning: Unknown child stroke of fp_line.
        Warning: Unknown child stroke of fp_line.
        Warning: Unknown child stroke of fp_line.
        Warning: Unknown child stroke of fp_line.
        Warning: Unknown child stroke of fp_line.
        Warning: Unknown child stroke of fp_line.
        Warning: Unknown child stroke of fp_line.
        Warning: Unknown child stroke of fp_line.
        Warning: Unknown child stroke of fp_line.
        Warning: Unknown child stroke of fp_line.
        Warning: Unknown child stroke of fp_line.
        Warning: Unknown child stroke of fp_line.
        Warning: Unknown child stroke of fp_line.
        Warning: Unknown child stroke of fp_line.
        Warning: Unknown child stroke of fp_line.
        Warning: Unknown child stroke of fp_line.
        Warning: Unknown child stroke of fp_line.
        Warning: Unknown child stroke of fp_line.
        Warning: Unknown child stroke of fp_line.
        Warning: Unknown child stroke of fp_line.
        Warning: Unknown child stroke of fp_line.
        Warning: Unknown child stroke of fp_line.
        Warning: Unknown child stroke of fp_line.
        Warning: Unknown child stroke of fp_line.
        Warning: Unknown child stroke of fp_line.
        Warning: Unknown child stroke of fp_line.
        Warning: Unknown child stroke of fp_line.
        Warning: Unknown child stroke of fp_line.
        Warning: Unknown child stroke of fp_line.
        Warning: Unknown child stroke of fp_line.
        Warning: Unknown child stroke of fp_line.
        Warning: Unknown child stroke of fp_line.
        Warning: Unknown child stroke of fp_line.
        Warning: Unknown child stroke of fp_line.
        Warning: Unknown child stroke of fp_line.
        Warning: Unknown child stroke of fp_line.
        Warning: Unknown child stroke of fp_line.
        Warning: Unknown child stroke of fp_line.
        Warning: Unknown child stroke of fp_line.
        Warning: Unknown child stroke of fp_line.
        Warning: Unknown child stroke of fp_line.
        Warning: Unknown child stroke of fp_line.
        Warning: Unknown child stroke of fp_line.
        Warning: Unknown child stroke of fp_line.
        Warning: Unknown child stroke of fp_line.
        Warning: Unknown child stroke of fp_line.
        Warning: Unknown child stroke of fp_line.
        Warning: Unknown child stroke of fp_line.
        Warning: Unknown child stroke of fp_line.
        Warning: Unknown child stroke of fp_line.
        Warning: Unknown child stroke of fp_circle.
        Warning: Unknown child stroke of fp_line.
        Warning: Unknown child stroke of fp_line.
        Warning: Unknown child stroke of fp_line.
        Warning: Unknown child stroke of fp_line.
        Warning: Unknown child stroke of fp_line.
        Warning: Unknown child stroke of fp_line.
        Warning: Unknown child stroke of fp_line.
        Warning: Unknown child stroke of fp_line.
        Warning: Unknown child stroke of fp_line.
        Warning: Unknown child stroke of fp_line.
        Warning: Unknown child stroke of fp_line.
        Warning: Unknown child stroke of fp_circle.
        Warning: Pad name is empty, autogenerated name 'Un1' assigned to pad pad.
        Warning: Pad name is empty, autogenerated name 'Un2' assigned to pad pad.
        Warning: Unknown child stroke of fp_line.
        Warning: Unknown child stroke of fp_line.
        Warning: Unknown child stroke of fp_line.
        Warning: Unknown child stroke of fp_line.
        Warning: Unknown child stroke of fp_line.
        Warning: Unknown child stroke of fp_line.
        Warning: Unknown child stroke of fp_line.
        Warning: Unknown child stroke of fp_line.
        Warning: Unknown child stroke of fp_line.
        Warning: Unknown child stroke of fp_line.
        Warning: Unknown child stroke of fp_line.
        Warning: Unknown child stroke of fp_line.
        Warning: Unknown child stroke of fp_line.
        Warning: Unknown child stroke of fp_line.
        Warning: Unknown child stroke of fp_line.
        Warning: Unknown child stroke of fp_line.
        Warning: Unknown child stroke of fp_line.
        Warning: Unknown child stroke of fp_line.
        Warning: Unknown child stroke of fp_line.
        Warning: Unknown child stroke of fp_line.
        Warning: Unknown child stroke of fp_line.
        Warning: Unknown child stroke of fp_line.
        Warning: Unknown child stroke of fp_line.
        Warning: Unknown child stroke of fp_line.
        Warning: Unknown child stroke of fp_line.
        Warning: Unknown child stroke of fp_line.
        Warning: Unknown child stroke of fp_line.
        Warning: Unknown child stroke of fp_line.
        Warning: Unknown child stroke of fp_line.
        Warning: Unknown child stroke of fp_line.
        Warning: Unknown child stroke of fp_line.
        Warning: Unknown child stroke of fp_line.
        Warning: Unknown child stroke of fp_line.
        Warning: Unknown child stroke of fp_line.
        Warning: Unknown child stroke of fp_line.
        Warning: Unknown child stroke of fp_line.
        Warning: Unknown child stroke of fp_line.
        Warning: Unknown child stroke of fp_line.
        Warning: Unknown child stroke of fp_circle.
        Warning: Unknown child stroke of fp_line.
        Warning: Unknown child stroke of fp_line.
        Warning: Unknown child stroke of fp_line.
        Warning: Unknown child stroke of fp_line.
        Warning: Unknown child stroke of fp_line.
        Warning: Unknown child stroke of fp_line.
        Warning: Unknown child stroke of fp_line.
        Warning: Unknown child stroke of fp_line.
        Warning: Unknown child stroke of fp_line.
        Warning: Unknown child stroke of fp_line.
        Warning: Unknown child stroke of fp_line.
        Warning: Unknown child stroke of fp_circle.
        Warning: Pad name is empty, autogenerated name 'Un1' assigned to pad pad.
        Warning: Pad name is empty, autogenerated name 'Un2' assigned to pad pad.
        Warning: Unknown child stroke of fp_line.
        Warning: Unknown child stroke of fp_line.
        Warning: Unknown child stroke of fp_line.
        Warning: Unknown child stroke of fp_line.
        Warning: Unknown child stroke of fp_line.
        Warning: Unknown child stroke of fp_line.
        Warning: Unknown child stroke of fp_line.
        Warning: Unknown child stroke of fp_line.
        Warning: Unknown child stroke of fp_line.
        Warning: Unknown child stroke of fp_line.
        Warning: Unknown child stroke of fp_line.
        Warning: Unknown child stroke of fp_line.
        Warning: Unknown child stroke of fp_line.
        Warning: Unknown child stroke of fp_line.
        Warning: Unknown child stroke of fp_line.
        Warning: Unknown child stroke of fp_line.
        Warning: Unknown child stroke of fp_line.
        Warning: Unknown child stroke of fp_line.
        Warning: Unknown child stroke of fp_line.
        Warning: Unknown child stroke of fp_line.
        Warning: Unknown child stroke of fp_line.
        Warning: Unknown child stroke of fp_line.
        Warning: Unknown child stroke of fp_line.
        Warning: Unknown child stroke of fp_line.
        Warning: Unknown child stroke of fp_line.
        Warning: Unknown child stroke of fp_line.
        Warning: Unknown child stroke of fp_line.
        Warning: Unknown child stroke of fp_line.
        Warning: Unknown child stroke of fp_line.
        Warning: Unknown child stroke of fp_line.
        Warning: Unknown child stroke of fp_line.
        Warning: Unknown child stroke of fp_line.
        Warning: Unknown child stroke of fp_line.
        Warning: Unknown child stroke of fp_line.
        Warning: Unknown child stroke of fp_line.
        Warning: Unknown child stroke of fp_line.
        Warning: Unknown child stroke of fp_line.
        Warning: Unknown child stroke of fp_line.
        Warning: Unknown child stroke of fp_line.
        Warning: Unknown child stroke of fp_line.
        Warning: Unknown child stroke of fp_line.
        Warning: Unknown child stroke of fp_line.
        Warning: Unknown child stroke of fp_line.
        Warning: Unknown child stroke of fp_line.
        Warning: Unknown child stroke of fp_line.
        Warning: Unknown child stroke of fp_line.
        Warning: Unknown child stroke of fp_line.
        Warning: Unknown child stroke of fp_line.
        Warning: Unknown child stroke of fp_circle.
        Warning: Unknown child stroke of fp_line.
        Warning: Unknown child stroke of fp_line.
        Warning: Unknown child stroke of fp_line.
        Warning: Unknown child stroke of fp_line.
        Warning: Unknown child stroke of fp_line.
        Warning: Unknown child stroke of fp_line.
        Warning: Unknown child stroke of fp_line.
        Warning: Unknown child stroke of fp_line.
        Warning: Unknown child stroke of fp_line.
        Warning: Unknown child stroke of fp_line.
        Warning: Unknown child stroke of fp_line.
        Warning: Unknown child stroke of fp_circle.
        Warning: Pad name is empty, autogenerated name 'Un1' assigned to pad pad.
        Warning: Pad name is empty, autogenerated name 'Un2' assigned to pad pad.
        Warning: Unknown child stroke of fp_line.
        Warning: Unknown child stroke of fp_line.
        Warning: Unknown child stroke of fp_line.
        Warning: Unknown child stroke of fp_line.
        Warning: Unknown child stroke of fp_line.
        Warning: Unknown child stroke of fp_line.
        Warning: Unknown child stroke of fp_line.
        Warning: Unknown child stroke of fp_line.
        Warning: Unknown child stroke of fp_line.
        Warning: Unknown child stroke of fp_line.
        Warning: Unknown child stroke of fp_line.
        Warning: Unknown child stroke of fp_line.
        Warning: Unknown child stroke of fp_line.
        Warning: Unknown child stroke of fp_line.
        Warning: Unknown child stroke of fp_line.
        Warning: Unknown child stroke of fp_line.
        Warning: Unknown child stroke of fp_line.
        Warning: Unknown child stroke of fp_line.
        Warning: Unknown child stroke of fp_line.
        Warning: Unknown child stroke of fp_line.
        Warning: Unknown child stroke of fp_line.
        Warning: Unknown child stroke of fp_line.
        Warning: Unknown child stroke of fp_line.
        Warning: Unknown child stroke of fp_line.
        Warning: Unknown child stroke of fp_line.
        Warning: Unknown child stroke of fp_line.
        Warning: Unknown child stroke of fp_line.
        Warning: Unknown child stroke of fp_line.
        Warning: Unknown child stroke of fp_line.
        Warning: Unknown child stroke of fp_line.
        Warning: Unknown child stroke of fp_line.
        Warning: Unknown child stroke of fp_line.
        Warning: Unknown child stroke of fp_line.
        Warning: Unknown child stroke of fp_line.
        Warning: Unknown child stroke of fp_line.
        Warning: Unknown child stroke of fp_line.
        Warning: Unknown child stroke of fp_line.
        Warning: Unknown child stroke of fp_line.
        Warning: Unknown child stroke of fp_line.
        Warning: Unknown child stroke of fp_line.
        Warning: Unknown child stroke of fp_line.
        Warning: Unknown child stroke of fp_line.
        Warning: Unknown child stroke of fp_line.
        Warning: Unknown child stroke of fp_line.
        Warning: Unknown child stroke of fp_line.
        Warning: Unknown child stroke of fp_line.
        Warning: Unknown child stroke of fp_line.
        Warning: Unknown child stroke of fp_line.
        Warning: Unknown child stroke of fp_line.
        Warning: Unknown child stroke of fp_line.
        Warning: Unknown child stroke of fp_line.
        Warning: Unknown child stroke of fp_line.
        Warning: Unknown child stroke of fp_line.
        Warning: Unknown child stroke of fp_line.
        Warning: Unknown child stroke of fp_line.
        Warning: Unknown child stroke of fp_line.
        Warning: Unknown child stroke of fp_line.
        Warning: Unknown child stroke of fp_line.
        Warning: Unknown child stroke of fp_line.
        Warning: Unknown child stroke of fp_line.
        Warning: Unknown child stroke of fp_line.
        Warning: Unknown child stroke of fp_line.
        Warning: Unknown child stroke of fp_line.
        Warning: Unknown child stroke of fp_line.
        Warning: Unknown child stroke of fp_line.
        Warning: Unknown child stroke of fp_line.
        Warning: Unknown child stroke of fp_line.
        Warning: Unknown child stroke of fp_line.
        Warning: Unknown child stroke of fp_line.
        Warning: Unknown child stroke of fp_line.
        Warning: Unknown child stroke of fp_line.
        Warning: Unknown child stroke of fp_line.
        Warning: Unknown child stroke of fp_line.
        Warning: Unknown child stroke of fp_line.
        Warning: Unknown child stroke of fp_line.
        Warning: Unknown child stroke of fp_line.
        Warning: Unknown child stroke of fp_line.
        Warning: Unknown child stroke of fp_line.
        Warning: Unknown child stroke of fp_line.
        Warning: Unknown child stroke of fp_line.
        Warning: Unknown child stroke of fp_line.
        Warning: Unknown child stroke of fp_line.
        Warning: Unknown child stroke of fp_line.
        Warning: Unknown child stroke of fp_line.
        Warning: Unknown child stroke of fp_line.
        Warning: Unknown child stroke of fp_line.
        Warning: Unknown child stroke of fp_line.
        Warning: Unknown child stroke of fp_line.
        Warning: Unknown child stroke of fp_line.
        Warning: Unknown child stroke of fp_line.
        Warning: Unknown child stroke of fp_line.
        Warning: Unknown child stroke of fp_line.
        Warning: Unknown child stroke of fp_line.
        Warning: Unknown child stroke of fp_line.
        Warning: Unknown child stroke of fp_line.
        Warning: Unknown child stroke of fp_line.
        Warning: Unknown child stroke of fp_line.
        Warning: Unknown child stroke of fp_line.
        Warning: Unknown child stroke of fp_line.
        Warning: Unknown child stroke of fp_line.
        Warning: Unknown child stroke of fp_line.
        Warning: Unknown child stroke of fp_line.
        Warning: Unknown child stroke of fp_line.
        Warning: Unknown child stroke of fp_line.
        Warning: Unknown child stroke of fp_line.
        Warning: Unknown child stroke of fp_line.
        Warning: Unknown child stroke of fp_line.
        Warning: Unknown child stroke of fp_line.
        Warning: Unknown child stroke of fp_line.
        Warning: Unknown child stroke of fp_line.
        Warning: Unknown child stroke of fp_line.
        Warning: Unknown child stroke of fp_line.
        Warning: Unknown child stroke of fp_line.
        Warning: Unknown child stroke of fp_line.
        Warning: Unknown child stroke of fp_line.
        Warning: Unknown child stroke of fp_line.
        Warning: Unknown child stroke of fp_line.
        Warning: Unknown child stroke of fp_line.
        Warning: Unknown child stroke of fp_line.
        Warning: Unknown child stroke of fp_line.
        Warning: Unknown child stroke of fp_line.
        Warning: Unknown child stroke of fp_line.
        Warning: Unknown child stroke of fp_line.
        Warning: Unknown child stroke of fp_line.
        Warning: Unknown child stroke of fp_line.
        Warning: Unknown child stroke of fp_line.
        Warning: Unknown child stroke of fp_line.
        Warning: Unknown child stroke of fp_line.
        Warning: Unknown child stroke of fp_line.
        Warning: Unknown child stroke of fp_line.
        Warning: Unknown child stroke of fp_line.
        Warning: Unknown child stroke of fp_line.
        Warning: Unknown child stroke of fp_line.
        Warning: Unknown child stroke of fp_line.
        Warning: Unknown child stroke of fp_line.
        Warning: Unknown child stroke of fp_line.
        Warning: Unknown child stroke of fp_line.
        Warning: Unknown child stroke of fp_line.
        Warning: Unknown child stroke of fp_line.
        Warning: Unknown child stroke of fp_line.
        Warning: Unknown child stroke of fp_line.
        Warning: Unknown child stroke of fp_line.
        Warning: Unknown child stroke of fp_line.
        Warning: Unknown child stroke of fp_line.
        Warning: Unknown child stroke of fp_line.
        Warning: Unknown child stroke of fp_line.
        Warning: Unknown child stroke of fp_line.
        Warning: Unknown child stroke of fp_line.
        Warning: Unknown child stroke of fp_line.
        Warning: Unknown child stroke of fp_line.
        Warning: Unknown child stroke of fp_line.
        Warning: Unknown child stroke of fp_line.
        Warning: Unknown child stroke of fp_line.
        Warning: Unknown child stroke of fp_line.
        Warning: Unknown child stroke of fp_line.
        Warning: Unknown child stroke of fp_line.
        Warning: Unknown child stroke of fp_line.
        Warning: Unknown child stroke of fp_line.
        Warning: Unknown child stroke of fp_line.
        Warning: Unknown child stroke of fp_line.
        Warning: Unknown child stroke of fp_line.
        Warning: Unknown child stroke of fp_line.
        Warning: Unknown child stroke of fp_line.
        Warning: Unknown child stroke of fp_line.
        Warning: Unknown child stroke of fp_line.
        Warning: Unknown child stroke of fp_line.
        Warning: Unknown child stroke of fp_line.
        Warning: Unknown child stroke of fp_line.
        Warning: Unknown child stroke of fp_line.
        Warning: Unknown child stroke of fp_line.
        Warning: Unknown child stroke of fp_line.
        Warning: Unknown child stroke of fp_line.
        Warning: Unknown child stroke of fp_line.
        Warning: Unknown child stroke of fp_line.
        Warning: Unknown child stroke of fp_line.
        Warning: Unknown child stroke of fp_line.
        Warning: Unknown child stroke of fp_line.
        Warning: Unknown child stroke of fp_line.
        Warning: Unknown child stroke of fp_line.
        Warning: Unknown child stroke of fp_line.
        Warning: Unknown child stroke of fp_line.
        Warning: Unknown child stroke of fp_line.
        Warning: Unknown child stroke of fp_line.
        Warning: Unknown child stroke of fp_line.
        Warning: Unknown child stroke of fp_line.
        Warning: Unknown child stroke of fp_line.
        Warning: Unknown child stroke of fp_line.
        Warning: Unknown child stroke of fp_line.
        Warning: Unknown child stroke of fp_line.
        Warning: Unknown child stroke of fp_line.
        Warning: Unknown child stroke of fp_line.
        Warning: Unknown child stroke of fp_line.
        Warning: Unknown child stroke of fp_line.
        Warning: Unknown child stroke of fp_line.
        Warning: Unknown child stroke of fp_line.
        Warning: Unknown child stroke of fp_line.
        Warning: Unknown child stroke of fp_line.
        Warning: Unknown child stroke of fp_line.
        Warning: Unknown child stroke of fp_line.
        Warning: Unknown child stroke of fp_line.
        Warning: Unknown child stroke of fp_line.
        Warning: Unknown child stroke of fp_line.
        Warning: Unknown child stroke of fp_line.
        Warning: Unknown child stroke of fp_line.
        Warning: Unknown child stroke of fp_line.
        Warning: Unknown child stroke of fp_line.
        Warning: Unknown child stroke of fp_line.
        Warning: Unknown child stroke of fp_line.
        Warning: Unknown child stroke of fp_line.
        Warning: Unknown child stroke of fp_line.
        Warning: Unknown child stroke of gr_arc.
        Warning: Unknown child stroke of gr_arc.
        Warning: Unknown child stroke of gr_arc.
        Warning: Unknown child stroke of gr_line.
        Warning: Unknown child stroke of gr_line.
        Warning: Unknown child stroke of gr_line.
        Warning: Unknown child stroke of gr_line.
        Warning: Unknown child stroke of gr_arc.
        Warning: Unknown child 'face' of 'font'.
        Warning: Unknown child render_cache of gr_text.
        Warning: Unknown child 'face' of 'font'.
        Warning: Unknown child render_cache of gr_text.
        Warning: Unknown child 'face' of 'font'.
        Warning: Unknown child render_cache of gr_text.
    EndSection
    Section : Import Document - F:\FPGA_Modules\cp_som_one-main\cp_som_one-main\CP_SOM_altium2\Imported som_fpga\som_fpga.PcbDoc
        Error: Import is not implemented for: KiCadLib.PCB.PCBLine
        Error: Import is not implemented for: KiCadLib.PCB.PCBLine
        Error: Import is not implemented for: KiCadLib.PCB.PCBLine
        Error: Import is not implemented for: KiCadLib.PCB.PCBLine
        Error: Import is not implemented for: KiCadLib.PCB.PCBLine
        Error: Import is not implemented for: KiCadLib.PCB.PCBLine
        Error: Import is not implemented for: KiCadLib.PCB.PCBLine
        Error: Import is not implemented for: KiCadLib.PCB.PCBLine
        Error: Import is not implemented for: KiCadLib.PCB.PCBLine
        Error: Import is not implemented for: KiCadLib.PCB.PCBLine
        Error: Import is not implemented for: KiCadLib.PCB.PCBLine
        Error: Import is not implemented for: KiCadLib.PCB.PCBLine
        Error: Import is not implemented for: KiCadLib.PCB.PCBLine
        Error: Import is not implemented for: KiCadLib.PCB.PCBLine
        Error: Import is not implemented for: KiCadLib.PCB.PCBLine
        Error: Import is not implemented for: KiCadLib.PCB.PCBLine
        Error: Import is not implemented for: KiCadLib.PCB.PCBLine
        Error: Import is not implemented for: KiCadLib.PCB.PCBLine
        Error: Import is not implemented for: KiCadLib.PCB.PCBLine
        Error: Import is not implemented for: KiCadLib.PCB.PCBLine
        Error: Import is not implemented for: KiCadLib.PCB.PCBLine
        Error: Import is not implemented for: KiCadLib.PCB.PCBLine
        Error: Import is not implemented for: KiCadLib.PCB.PCBLine
        Error: Import is not implemented for: KiCadLib.PCB.PCBLine
        Error: Import is not implemented for: KiCadLib.PCB.PCBLine
        Error: Import is not implemented for: KiCadLib.PCB.PCBLine
        Error: Import is not implemented for: KiCadLib.PCB.PCBLine
        Error: Import is not implemented for: KiCadLib.PCB.PCBLine
        Error: Import is not implemented for: KiCadLib.PCB.PCBLine
        Error: Import is not implemented for: KiCadLib.PCB.PCBLine
        Error: Import is not implemented for: KiCadLib.PCB.PCBLine
        Error: Import is not implemented for: KiCadLib.PCB.PCBLine
        Error: Import is not implemented for: KiCadLib.PCB.PCBLine
        Error: Import is not implemented for: KiCadLib.PCB.PCBLine
        Error: Import is not implemented for: KiCadLib.PCB.PCBLine
        Error: Import is not implemented for: KiCadLib.PCB.PCBLine
        Error: Import is not implemented for: KiCadLib.PCB.PCBLine
        Error: Import is not implemented for: KiCadLib.PCB.PCBLine
        Error: Import is not implemented for: KiCadLib.PCB.PCBLine
        Error: Import is not implemented for: KiCadLib.PCB.PCBLine
        Error: Import is not implemented for: KiCadLib.PCB.PCBLine
        Error: Import is not implemented for: KiCadLib.PCB.PCBLine
        Error: Import is not implemented for: KiCadLib.PCB.PCBLine
        Error: Import is not implemented for: KiCadLib.PCB.PCBLine
        Error: Import is not implemented for: KiCadLib.PCB.PCBLine
        Error: Import is not implemented for: KiCadLib.PCB.PCBLine
        Error: Import is not implemented for: KiCadLib.PCB.PCBLine
        Error: Import is not implemented for: KiCadLib.PCB.PCBLine
        Error: Import is not implemented for: KiCadLib.PCB.PCBLine
        Error: Import is not implemented for: KiCadLib.PCB.PCBLine
        Error: Import is not implemented for: KiCadLib.PCB.PCBLine
        Error: Import is not implemented for: KiCadLib.PCB.PCBLine
        Error: Import is not implemented for: KiCadLib.PCB.PCBLine
        Error: Import is not implemented for: KiCadLib.PCB.PCBLine
        Error: Import is not implemented for: KiCadLib.PCB.PCBLine
        Error: Import is not implemented for: KiCadLib.PCB.PCBLine
        Error: Import is not implemented for: KiCadLib.PCB.PCBLine
        Error: Import is not implemented for: KiCadLib.PCB.PCBLine
        Error: Import is not implemented for: KiCadLib.PCB.PCBLine
        Error: Import is not implemented for: KiCadLib.PCB.PCBLine
        Error: Import is not implemented for: KiCadLib.PCB.PCBLine
        Error: Import is not implemented for: KiCadLib.PCB.PCBLine
        Error: Import is not implemented for: KiCadLib.PCB.PCBLine
        Error: Import is not implemented for: KiCadLib.PCB.PCBLine
        Error: Import is not implemented for: KiCadLib.PCB.PCBLine
        Error: Import is not implemented for: KiCadLib.PCB.PCBLine
        Error: Import is not implemented for: KiCadLib.PCB.PCBLine
        Error: Import is not implemented for: KiCadLib.PCB.PCBLine
        Error: Import is not implemented for: KiCadLib.PCB.PCBLine
        Error: Import is not implemented for: KiCadLib.PCB.PCBLine
        Error: Import is not implemented for: KiCadLib.PCB.PCBLine
        Error: Import is not implemented for: KiCadLib.PCB.PCBLine
        Error: Import is not implemented for: KiCadLib.PCB.PCBLine
        Error: Import is not implemented for: KiCadLib.PCB.PCBLine
        Error: Import is not implemented for: KiCadLib.PCB.PCBLine
        Error: Import is not implemented for: KiCadLib.PCB.PCBLine
        Error: Import is not implemented for: KiCadLib.PCB.PCBLine
        Error: Import is not implemented for: KiCadLib.PCB.PCBLine
        Error: Import is not implemented for: KiCadLib.PCB.PCBLine
        Error: Import is not implemented for: KiCadLib.PCB.PCBLine
        Error: Import is not implemented for: KiCadLib.PCB.PCBLine
        Error: Import is not implemented for: KiCadLib.PCB.PCBLine
        Error: Import is not implemented for: KiCadLib.PCB.PCBLine
        Error: Import is not implemented for: KiCadLib.PCB.PCBLine
        Error: Import is not implemented for: KiCadLib.PCB.PCBLine
        Error: Import is not implemented for: KiCadLib.PCB.PCBLine
        Error: Import is not implemented for: KiCadLib.PCB.PCBLine
        Error: Import is not implemented for: KiCadLib.PCB.PCBLine
        Error: Import is not implemented for: KiCadLib.PCB.PCBLine
        Error: Import is not implemented for: KiCadLib.PCB.PCBLine
        Error: Import is not implemented for: KiCadLib.PCB.PCBLine
        Error: Import is not implemented for: KiCadLib.PCB.PCBLine
        Error: Import is not implemented for: KiCadLib.PCB.PCBLine
        Error: Import is not implemented for: KiCadLib.PCB.PCBLine
        Error: Import is not implemented for: KiCadLib.PCB.PCBLine
        Error: Import is not implemented for: KiCadLib.PCB.PCBLine
        Error: Import is not implemented for: KiCadLib.PCB.PCBLine
        Error: Import is not implemented for: KiCadLib.PCB.PCBLine
        Error: Import is not implemented for: KiCadLib.PCB.PCBLine
        Error: Import is not implemented for: KiCadLib.PCB.PCBLine
        Error: Import is not implemented for: KiCadLib.PCB.PCBLine
        Error: Import is not implemented for: KiCadLib.PCB.PCBLine
        Error: Import is not implemented for: KiCadLib.PCB.PCBLine
        Error: Import is not implemented for: KiCadLib.PCB.PCBLine
        Error: Import is not implemented for: KiCadLib.PCB.PCBLine
        Error: Import is not implemented for: KiCadLib.PCB.PCBLine
        Error: Import is not implemented for: KiCadLib.PCB.PCBLine
        Error: Import is not implemented for: KiCadLib.PCB.PCBLine
        Error: Import is not implemented for: KiCadLib.PCB.PCBLine
        Error: Import is not implemented for: KiCadLib.PCB.PCBLine
        Error: Import is not implemented for: KiCadLib.PCB.PCBLine
        Error: Import is not implemented for: KiCadLib.PCB.PCBLine
        Error: Import is not implemented for: KiCadLib.PCB.PCBLine
        Error: Import is not implemented for: KiCadLib.PCB.PCBLine
        Error: Import is not implemented for: KiCadLib.PCB.PCBLine
        Error: Import is not implemented for: KiCadLib.PCB.PCBLine
        Error: Import is not implemented for: KiCadLib.PCB.PCBLine
        Error: Import is not implemented for: KiCadLib.PCB.PCBLine
        Error: Import is not implemented for: KiCadLib.PCB.PCBLine
        Error: Import is not implemented for: KiCadLib.PCB.PCBLine
        Error: Import is not implemented for: KiCadLib.PCB.PCBLine
        Error: Import is not implemented for: KiCadLib.PCB.PCBLine
        Error: Import is not implemented for: KiCadLib.PCB.PCBLine
        Error: Import is not implemented for: KiCadLib.PCB.PCBLine
        Error: Import is not implemented for: KiCadLib.PCB.PCBLine
        Error: Import is not implemented for: KiCadLib.PCB.PCBLine
        Error: Import is not implemented for: KiCadLib.PCB.PCBLine
        Error: Import is not implemented for: KiCadLib.PCB.PCBLine
        Error: Import is not implemented for: KiCadLib.PCB.PCBLine
        Error: Import is not implemented for: KiCadLib.PCB.PCBLine
        Error: Import is not implemented for: KiCadLib.PCB.PCBLine
        Error: Import is not implemented for: KiCadLib.PCB.PCBLine
        Error: Import is not implemented for: KiCadLib.PCB.PCBLine
        Error: Import is not implemented for: KiCadLib.PCB.PCBLine
        Error: Import is not implemented for: KiCadLib.PCB.PCBLine
        Error: Import is not implemented for: KiCadLib.PCB.PCBLine
        Error: Import is not implemented for: KiCadLib.PCB.PCBLine
        Error: Import is not implemented for: KiCadLib.PCB.PCBLine
        Error: Import is not implemented for: KiCadLib.PCB.PCBLine
        Error: Import is not implemented for: KiCadLib.PCB.PCBLine
        Error: Import is not implemented for: KiCadLib.PCB.PCBLine
        Error: Import is not implemented for: KiCadLib.PCB.PCBLine
        Error: Import is not implemented for: KiCadLib.PCB.PCBLine
        Error: Import is not implemented for: KiCadLib.PCB.PCBLine
        Error: Import is not implemented for: KiCadLib.PCB.PCBLine
        Error: Import is not implemented for: KiCadLib.PCB.PCBLine
        Error: Import is not implemented for: KiCadLib.PCB.PCBLine
        Error: Import is not implemented for: KiCadLib.PCB.PCBLine
        Error: Import is not implemented for: KiCadLib.PCB.PCBLine
        Error: Import is not implemented for: KiCadLib.PCB.PCBLine
        Error: Import is not implemented for: KiCadLib.PCB.PCBLine
        Error: Import is not implemented for: KiCadLib.PCB.PCBLine
        Error: Import is not implemented for: KiCadLib.PCB.PCBLine
        Error: Import is not implemented for: KiCadLib.PCB.PCBLine
        Error: Import is not implemented for: KiCadLib.PCB.PCBLine
        Error: Import is not implemented for: KiCadLib.PCB.PCBLine
        Error: Import is not implemented for: KiCadLib.PCB.PCBLine
        Error: Import is not implemented for: KiCadLib.PCB.PCBLine
        Error: Import is not implemented for: KiCadLib.PCB.PCBLine
        Error: Import is not implemented for: KiCadLib.PCB.PCBLine
        Error: Import is not implemented for: KiCadLib.PCB.PCBLine
        Error: Import is not implemented for: KiCadLib.PCB.PCBLine
        Error: Import is not implemented for: KiCadLib.PCB.PCBLine
        Error: Import is not implemented for: KiCadLib.PCB.PCBLine
        Error: Import is not implemented for: KiCadLib.PCB.PCBLine
        Error: Import is not implemented for: KiCadLib.PCB.PCBLine
        Error: Import is not implemented for: KiCadLib.PCB.PCBLine
        Error: Import is not implemented for: KiCadLib.PCB.PCBLine
        Error: Import is not implemented for: KiCadLib.PCB.PCBLine
        Error: Import is not implemented for: KiCadLib.PCB.PCBLine
        Error: Import is not implemented for: KiCadLib.PCB.PCBLine
        Error: Import is not implemented for: KiCadLib.PCB.PCBLine
        Error: Import is not implemented for: KiCadLib.PCB.PCBLine
        Error: Import is not implemented for: KiCadLib.PCB.PCBLine
        Error: Import is not implemented for: KiCadLib.PCB.PCBLine
        Error: Import is not implemented for: KiCadLib.PCB.PCBLine
        Error: Import is not implemented for: KiCadLib.PCB.PCBLine
        Error: Import is not implemented for: KiCadLib.PCB.PCBLine
        Error: Import is not implemented for: KiCadLib.PCB.PCBLine
        Error: Import is not implemented for: KiCadLib.PCB.PCBLine
        Error: Import is not implemented for: KiCadLib.PCB.PCBLine
        Error: Import is not implemented for: KiCadLib.PCB.PCBLine
        Error: Import is not implemented for: KiCadLib.PCB.PCBLine
        Error: Import is not implemented for: KiCadLib.PCB.PCBLine
        Error: Import is not implemented for: KiCadLib.PCB.PCBLine
        Error: Import is not implemented for: KiCadLib.PCB.PCBLine
        Error: Import is not implemented for: KiCadLib.PCB.PCBLine
        Error: Import is not implemented for: KiCadLib.PCB.PCBLine
        Error: Import is not implemented for: KiCadLib.PCB.PCBLine
        Error: Import is not implemented for: KiCadLib.PCB.PCBLine
        Error: Import is not implemented for: KiCadLib.PCB.PCBLine
        Error: Import is not implemented for: KiCadLib.PCB.PCBLine
        Error: Import is not implemented for: KiCadLib.PCB.PCBLine
        Error: Import is not implemented for: KiCadLib.PCB.PCBLine
        Error: Import is not implemented for: KiCadLib.PCB.PCBLine
        Error: Import is not implemented for: KiCadLib.PCB.PCBLine
        Error: Import is not implemented for: KiCadLib.PCB.PCBLine
        Error: Import is not implemented for: KiCadLib.PCB.PCBLine
        Error: Import is not implemented for: KiCadLib.PCB.PCBLine
        Error: Import is not implemented for: KiCadLib.PCB.PCBLine
        Error: Import is not implemented for: KiCadLib.PCB.PCBLine
        Error: Import is not implemented for: KiCadLib.PCB.PCBLine
        Error: Import is not implemented for: KiCadLib.PCB.PCBLine
        Error: Import is not implemented for: KiCadLib.PCB.PCBLine
        Error: Import is not implemented for: KiCadLib.PCB.PCBLine
        Error: Import is not implemented for: KiCadLib.PCB.PCBLine
        Error: Import is not implemented for: KiCadLib.PCB.PCBLine
        Error: Import is not implemented for: KiCadLib.PCB.PCBLine
        Error: Import is not implemented for: KiCadLib.PCB.PCBLine
        Error: Import is not implemented for: KiCadLib.PCB.PCBLine
        Error: Import is not implemented for: KiCadLib.PCB.PCBLine
        Error: Import is not implemented for: KiCadLib.PCB.PCBLine
        Error: Import is not implemented for: KiCadLib.PCB.PCBLine
        Error: Import is not implemented for: KiCadLib.PCB.PCBLine
        Error: Import is not implemented for: KiCadLib.PCB.PCBLine
        Error: Import is not implemented for: KiCadLib.PCB.PCBLine
        Error: Import is not implemented for: KiCadLib.PCB.PCBLine
        Error: Import is not implemented for: KiCadLib.PCB.PCBLine
        Error: Import is not implemented for: KiCadLib.PCB.PCBLine
        Error: Import is not implemented for: KiCadLib.PCB.PCBLine
        Error: Import is not implemented for: KiCadLib.PCB.PCBLine
        Error: Import is not implemented for: KiCadLib.PCB.PCBLine
        Error: Import is not implemented for: KiCadLib.PCB.PCBLine
        Error: Import is not implemented for: KiCadLib.PCB.PCBLine
        Error: Import is not implemented for: KiCadLib.PCB.PCBLine
        Error: Import is not implemented for: KiCadLib.PCB.PCBLine
        Error: Import is not implemented for: KiCadLib.PCB.PCBLine
        Error: Import is not implemented for: KiCadLib.PCB.PCBLine
        Error: Import is not implemented for: KiCadLib.PCB.PCBLine
        Error: Import is not implemented for: KiCadLib.PCB.PCBLine
        Error: Import is not implemented for: KiCadLib.PCB.PCBLine
        Error: Import is not implemented for: KiCadLib.PCB.PCBLine
        Error: Import is not implemented for: KiCadLib.PCB.PCBLine
        Error: Import is not implemented for: KiCadLib.PCB.PCBLine
        Error: Import is not implemented for: KiCadLib.PCB.PCBLine
        Error: Import is not implemented for: KiCadLib.PCB.PCBLine
        Error: Import is not implemented for: KiCadLib.PCB.PCBLine
        Error: Import is not implemented for: KiCadLib.PCB.PCBLine
        Error: Import is not implemented for: KiCadLib.PCB.PCBLine
        Error: Import is not implemented for: KiCadLib.PCB.PCBLine
        Error: Import is not implemented for: KiCadLib.PCB.PCBLine
        Error: Import is not implemented for: KiCadLib.PCB.PCBLine
        Error: Import is not implemented for: KiCadLib.PCB.PCBLine
        Error: Import is not implemented for: KiCadLib.PCB.PCBLine
        Error: Import is not implemented for: KiCadLib.PCB.PCBLine
        Error: Import is not implemented for: KiCadLib.PCB.PCBLine
        Error: Import is not implemented for: KiCadLib.PCB.PCBLine
        Error: Import is not implemented for: KiCadLib.PCB.PCBLine
        Error: Import is not implemented for: KiCadLib.PCB.PCBLine
        Error: Import is not implemented for: KiCadLib.PCB.PCBLine
        Error: Import is not implemented for: KiCadLib.PCB.PCBLine
        Error: Import is not implemented for: KiCadLib.PCB.PCBLine
        Error: Import is not implemented for: KiCadLib.PCB.PCBLine
        Error: Import is not implemented for: KiCadLib.PCB.PCBLine
        Error: Import is not implemented for: KiCadLib.PCB.PCBLine
        Error: Import is not implemented for: KiCadLib.PCB.PCBLine
        Error: Import is not implemented for: KiCadLib.PCB.PCBLine
        Error: Import is not implemented for: KiCadLib.PCB.PCBLine
        Error: Import is not implemented for: KiCadLib.PCB.PCBLine
        Error: Import is not implemented for: KiCadLib.PCB.PCBLine
        Error: Import is not implemented for: KiCadLib.PCB.PCBLine
        Error: Import is not implemented for: KiCadLib.PCB.PCBLine
        Error: Import is not implemented for: KiCadLib.PCB.PCBLine
        Error: Import is not implemented for: KiCadLib.PCB.PCBLine
        Error: Import is not implemented for: KiCadLib.PCB.PCBLine
        Error: Import is not implemented for: KiCadLib.PCB.PCBLine
        Error: Import is not implemented for: KiCadLib.PCB.PCBLine
        Error: Import is not implemented for: KiCadLib.PCB.PCBLine
        Error: Import is not implemented for: KiCadLib.PCB.PCBLine
        Error: Import is not implemented for: KiCadLib.PCB.PCBLine
        Error: Import is not implemented for: KiCadLib.PCB.PCBLine
        Error: Import is not implemented for: KiCadLib.PCB.PCBLine
        Error: Import is not implemented for: KiCadLib.PCB.PCBLine
        Error: Import is not implemented for: KiCadLib.PCB.PCBLine
        Error: Import is not implemented for: KiCadLib.PCB.PCBLine
        Error: Import is not implemented for: KiCadLib.PCB.PCBLine
        Error: Import is not implemented for: KiCadLib.PCB.PCBLine
        Error: Import is not implemented for: KiCadLib.PCB.PCBLine
        Error: Import is not implemented for: KiCadLib.PCB.PCBLine
        Error: Import is not implemented for: KiCadLib.PCB.PCBLine
        Error: Import is not implemented for: KiCadLib.PCB.PCBLine
        Error: Import is not implemented for: KiCadLib.PCB.PCBLine
        Error: Import is not implemented for: KiCadLib.PCB.PCBLine
        Error: Import is not implemented for: KiCadLib.PCB.PCBLine
        Error: Import is not implemented for: KiCadLib.PCB.PCBLine
        Error: Import is not implemented for: KiCadLib.PCB.PCBLine
        Error: Import is not implemented for: KiCadLib.PCB.PCBLine
        Error: Import is not implemented for: KiCadLib.PCB.PCBLine
        Error: Import is not implemented for: KiCadLib.PCB.PCBLine
        Error: Import is not implemented for: KiCadLib.PCB.PCBLine
        Error: Import is not implemented for: KiCadLib.PCB.PCBLine
        Error: Import is not implemented for: KiCadLib.PCB.PCBLine
        Error: Import is not implemented for: KiCadLib.PCB.PCBLine
        Error: Import is not implemented for: KiCadLib.PCB.PCBLine
        Error: Import is not implemented for: KiCadLib.PCB.PCBLine
        Error: Import is not implemented for: KiCadLib.PCB.PCBLine
        Error: Import is not implemented for: KiCadLib.PCB.PCBLine
        Error: Import is not implemented for: KiCadLib.PCB.PCBLine
        Error: Import is not implemented for: KiCadLib.PCB.PCBLine
        Error: Import is not implemented for: KiCadLib.PCB.PCBLine
        Error: Import is not implemented for: KiCadLib.PCB.PCBLine
        Error: Import is not implemented for: KiCadLib.PCB.PCBLine
        Error: Import is not implemented for: KiCadLib.PCB.PCBLine
        Error: Import is not implemented for: KiCadLib.PCB.PCBLine
        Error: Import is not implemented for: KiCadLib.PCB.PCBLine
        Error: Import is not implemented for: KiCadLib.PCB.PCBLine
        Error: Import is not implemented for: KiCadLib.PCB.PCBLine
        Error: Import is not implemented for: KiCadLib.PCB.PCBLine
        Error: Import is not implemented for: KiCadLib.PCB.PCBLine
        Error: Import is not implemented for: KiCadLib.PCB.PCBLine
        Error: Import is not implemented for: KiCadLib.PCB.PCBLine
        Error: Import is not implemented for: KiCadLib.PCB.PCBLine
        Error: Import is not implemented for: KiCadLib.PCB.PCBLine
        Error: Import is not implemented for: KiCadLib.PCB.PCBLine
        Error: Import is not implemented for: KiCadLib.PCB.PCBLine
        Error: Import is not implemented for: KiCadLib.PCB.PCBLine
        Error: Import is not implemented for: KiCadLib.PCB.PCBLine
        Error: Import is not implemented for: KiCadLib.PCB.PCBLine
        Error: Import is not implemented for: KiCadLib.PCB.PCBLine
        Error: Import is not implemented for: KiCadLib.PCB.PCBLine
        Error: Import is not implemented for: KiCadLib.PCB.PCBLine
        Error: Import is not implemented for: KiCadLib.PCB.PCBLine
        Error: Import is not implemented for: KiCadLib.PCB.PCBLine
        Error: Import is not implemented for: KiCadLib.PCB.PCBLine
        Error: Import is not implemented for: KiCadLib.PCB.PCBLine
        Error: Import is not implemented for: KiCadLib.PCB.PCBLine
        Error: Import is not implemented for: KiCadLib.PCB.PCBLine
        Error: Import is not implemented for: KiCadLib.PCB.PCBLine
        Error: Import is not implemented for: KiCadLib.PCB.PCBLine
        Error: Import is not implemented for: KiCadLib.PCB.PCBLine
        Error: Import is not implemented for: KiCadLib.PCB.PCBLine
        Error: Import is not implemented for: KiCadLib.PCB.PCBLine
        Error: Import is not implemented for: KiCadLib.PCB.PCBLine
        Error: Import is not implemented for: KiCadLib.PCB.PCBLine
        Error: Import is not implemented for: KiCadLib.PCB.PCBLine
        Error: Import is not implemented for: KiCadLib.PCB.PCBLine
        Error: Import is not implemented for: KiCadLib.PCB.PCBLine
        Error: Import is not implemented for: KiCadLib.PCB.PCBLine
        Error: Import is not implemented for: KiCadLib.PCB.PCBLine
        Error: Import is not implemented for: KiCadLib.PCB.PCBLine
        Error: Import is not implemented for: KiCadLib.PCB.PCBLine
        Error: Import is not implemented for: KiCadLib.PCB.PCBLine
        Error: Import is not implemented for: KiCadLib.PCB.PCBLine
        Error: Import is not implemented for: KiCadLib.PCB.PCBLine
        Error: Import is not implemented for: KiCadLib.PCB.PCBLine
        Error: Import is not implemented for: KiCadLib.PCB.PCBLine
        Error: Import is not implemented for: KiCadLib.PCB.PCBLine
        Error: Import is not implemented for: KiCadLib.PCB.PCBLine
        Error: Import is not implemented for: KiCadLib.PCB.PCBLine
        Error: Import is not implemented for: KiCadLib.PCB.PCBLine
        Error: Import is not implemented for: KiCadLib.PCB.PCBLine
        Error: Import is not implemented for: KiCadLib.PCB.PCBLine
        Error: Import is not implemented for: KiCadLib.PCB.PCBLine
        Error: Import is not implemented for: KiCadLib.PCB.PCBLine
        Error: Import is not implemented for: KiCadLib.PCB.PCBLine
        Error: Import is not implemented for: KiCadLib.PCB.PCBLine
        Error: Import is not implemented for: KiCadLib.PCB.PCBLine
        Error: Import is not implemented for: KiCadLib.PCB.PCBLine
        Error: Import is not implemented for: KiCadLib.PCB.PCBLine
        Error: Import is not implemented for: KiCadLib.PCB.PCBLine
        Error: Import is not implemented for: KiCadLib.PCB.PCBLine
        Error: Import is not implemented for: KiCadLib.PCB.PCBLine
        Error: Import is not implemented for: KiCadLib.PCB.PCBLine
        Error: Import is not implemented for: KiCadLib.PCB.PCBLine
        Error: Import is not implemented for: KiCadLib.PCB.PCBLine
        Error: Import is not implemented for: KiCadLib.PCB.PCBLine
        Error: Import is not implemented for: KiCadLib.PCB.PCBLine
        Error: Import is not implemented for: KiCadLib.PCB.PCBLine
        Error: Import is not implemented for: KiCadLib.PCB.PCBLine
        Error: Import is not implemented for: KiCadLib.PCB.PCBLine
        Error: Import is not implemented for: KiCadLib.PCB.PCBLine
        Error: Import is not implemented for: KiCadLib.PCB.PCBLine
        Error: Import is not implemented for: KiCadLib.PCB.PCBLine
        Error: Import is not implemented for: KiCadLib.PCB.PCBLine
        Error: Import is not implemented for: KiCadLib.PCB.PCBLine
        Error: Import is not implemented for: KiCadLib.PCB.PCBLine
        Error: Import is not implemented for: KiCadLib.PCB.PCBLine
        Error: Import is not implemented for: KiCadLib.PCB.PCBLine
        Error: Import is not implemented for: KiCadLib.PCB.PCBLine
        Error: Import is not implemented for: KiCadLib.PCB.PCBLine
        Error: Import is not implemented for: KiCadLib.PCB.PCBLine
        Error: Import is not implemented for: KiCadLib.PCB.PCBLine
        Error: Import is not implemented for: KiCadLib.PCB.PCBLine
        Error: Import is not implemented for: KiCadLib.PCB.PCBLine
        Error: Import is not implemented for: KiCadLib.PCB.PCBLine
        Error: Import is not implemented for: KiCadLib.PCB.PCBLine
        Error: Import is not implemented for: KiCadLib.PCB.PCBLine
        Error: Import is not implemented for: KiCadLib.PCB.PCBLine
        Error: Import is not implemented for: KiCadLib.PCB.PCBLine
        Error: Import is not implemented for: KiCadLib.PCB.PCBLine
        Error: Import is not implemented for: KiCadLib.PCB.PCBLine
        Error: Import is not implemented for: KiCadLib.PCB.PCBLine
        Error: Import is not implemented for: KiCadLib.PCB.PCBLine
        Error: Import is not implemented for: KiCadLib.PCB.PCBLine
        Error: Import is not implemented for: KiCadLib.PCB.PCBLine
        Error: Import is not implemented for: KiCadLib.PCB.PCBLine
        Error: Import is not implemented for: KiCadLib.PCB.PCBLine
        Error: Import is not implemented for: KiCadLib.PCB.PCBLine
        Error: Import is not implemented for: KiCadLib.PCB.PCBLine
        Error: Import is not implemented for: KiCadLib.PCB.PCBLine
        Error: Import is not implemented for: KiCadLib.PCB.PCBLine
        Error: Import is not implemented for: KiCadLib.PCB.PCBLine
        Error: Import is not implemented for: KiCadLib.PCB.PCBLine
        Error: Import is not implemented for: KiCadLib.PCB.PCBLine
        Error: Import is not implemented for: KiCadLib.PCB.PCBLine
        Error: Import is not implemented for: KiCadLib.PCB.PCBLine
        Error: Import is not implemented for: KiCadLib.PCB.PCBLine
        Error: Import is not implemented for: KiCadLib.PCB.PCBLine
        Error: Import is not implemented for: KiCadLib.PCB.PCBLine
        Error: Import is not implemented for: KiCadLib.PCB.PCBLine
        Error: Import is not implemented for: KiCadLib.PCB.PCBLine
        Error: Import is not implemented for: KiCadLib.PCB.PCBLine
        Error: Import is not implemented for: KiCadLib.PCB.PCBLine
        Error: Import is not implemented for: KiCadLib.PCB.PCBLine
        Error: Import is not implemented for: KiCadLib.PCB.PCBLine
        Error: Import is not implemented for: KiCadLib.PCB.PCBLine
        Error: Import is not implemented for: KiCadLib.PCB.PCBLine
        Error: Import is not implemented for: KiCadLib.PCB.PCBLine
        Error: Import is not implemented for: KiCadLib.PCB.PCBLine
        Error: Import is not implemented for: KiCadLib.PCB.PCBLine
        Error: Import is not implemented for: KiCadLib.PCB.PCBLine
        Error: Import is not implemented for: KiCadLib.PCB.PCBLine
        Error: Import is not implemented for: KiCadLib.PCB.PCBLine
        Error: Import is not implemented for: KiCadLib.PCB.PCBLine
        Error: Import is not implemented for: KiCadLib.PCB.PCBLine
        Error: Import is not implemented for: KiCadLib.PCB.PCBLine
        Error: Import is not implemented for: KiCadLib.PCB.PCBLine
        Error: Import is not implemented for: KiCadLib.PCB.PCBLine
        Error: Import is not implemented for: KiCadLib.PCB.PCBLine
        Error: Import is not implemented for: KiCadLib.PCB.PCBLine
        Error: Import is not implemented for: KiCadLib.PCB.PCBLine
        Error: Import is not implemented for: KiCadLib.PCB.PCBLine
        Error: Import is not implemented for: KiCadLib.PCB.PCBLine
        Error: Import is not implemented for: KiCadLib.PCB.PCBLine
        Error: Import is not implemented for: KiCadLib.PCB.PCBLine
        Error: Import is not implemented for: KiCadLib.PCB.PCBLine
        Error: Import is not implemented for: KiCadLib.PCB.PCBLine
        Error: Import is not implemented for: KiCadLib.PCB.PCBLine
        Error: Import is not implemented for: KiCadLib.PCB.PCBLine
        Error: Import is not implemented for: KiCadLib.PCB.PCBLine
        Error: Import is not implemented for: KiCadLib.PCB.PCBLine
        Error: Import is not implemented for: KiCadLib.PCB.PCBLine
        Error: Import is not implemented for: KiCadLib.PCB.PCBLine
        Error: Import is not implemented for: KiCadLib.PCB.PCBLine
        Error: Import is not implemented for: KiCadLib.PCB.PCBLine
        Error: Import is not implemented for: KiCadLib.PCB.PCBLine
        Error: Import is not implemented for: KiCadLib.PCB.PCBLine
        Error: Import is not implemented for: KiCadLib.PCB.PCBLine
        Error: Import is not implemented for: KiCadLib.PCB.PCBLine
        Error: Import is not implemented for: KiCadLib.PCB.PCBLine
        Error: Import is not implemented for: KiCadLib.PCB.PCBLine
        Error: Import is not implemented for: KiCadLib.PCB.PCBLine
        Error: Import is not implemented for: KiCadLib.PCB.PCBLine
        Error: Import is not implemented for: KiCadLib.PCB.PCBLine
        Error: Import is not implemented for: KiCadLib.PCB.PCBLine
        Error: Import is not implemented for: KiCadLib.PCB.PCBLine
        Error: Import is not implemented for: KiCadLib.PCB.PCBLine
        Error: Import is not implemented for: KiCadLib.PCB.PCBLine
        Error: Import is not implemented for: KiCadLib.PCB.PCBLine
        Error: Import is not implemented for: KiCadLib.PCB.PCBLine
        Error: Import is not implemented for: KiCadLib.PCB.PCBLine
        Error: Import is not implemented for: KiCadLib.PCB.PCBLine
        Error: Import is not implemented for: KiCadLib.PCB.PCBLine
        Error: Import is not implemented for: KiCadLib.PCB.PCBLine
        Error: Import is not implemented for: KiCadLib.PCB.PCBLine
        Error: Import is not implemented for: KiCadLib.PCB.PCBLine
        Error: Import is not implemented for: KiCadLib.PCB.PCBLine
        Error: Import is not implemented for: KiCadLib.PCB.PCBLine
        Error: Import is not implemented for: KiCadLib.PCB.PCBLine
        Error: Import is not implemented for: KiCadLib.PCB.PCBLine
        Error: Import is not implemented for: KiCadLib.PCB.PCBLine
        Error: Import is not implemented for: KiCadLib.PCB.PCBLine
        Error: Import is not implemented for: KiCadLib.PCB.PCBLine
        Error: Import is not implemented for: KiCadLib.PCB.PCBLine
        Error: Import is not implemented for: KiCadLib.PCB.PCBLine
        Error: Import is not implemented for: KiCadLib.PCB.PCBLine
        Error: Import is not implemented for: KiCadLib.PCB.PCBLine
        Error: Import is not implemented for: KiCadLib.PCB.PCBLine
        Error: Import is not implemented for: KiCadLib.PCB.PCBLine
        Error: Import is not implemented for: KiCadLib.PCB.PCBLine
        Error: Import is not implemented for: KiCadLib.PCB.PCBLine
        Error: Import is not implemented for: KiCadLib.PCB.PCBLine
        Error: Import is not implemented for: KiCadLib.PCB.PCBLine
        Error: Import is not implemented for: KiCadLib.PCB.PCBLine
        Error: Import is not implemented for: KiCadLib.PCB.PCBLine
        Error: Import is not implemented for: KiCadLib.PCB.PCBLine
        Error: Import is not implemented for: KiCadLib.PCB.PCBLine
        Error: Import is not implemented for: KiCadLib.PCB.PCBLine
        Error: Import is not implemented for: KiCadLib.PCB.PCBLine
        Error: Import is not implemented for: KiCadLib.PCB.PCBLine
        Error: Import is not implemented for: KiCadLib.PCB.PCBLine
        Error: Import is not implemented for: KiCadLib.PCB.PCBLine
        Error: Import is not implemented for: KiCadLib.PCB.PCBLine
        Error: Import is not implemented for: KiCadLib.PCB.PCBLine
        Error: Import is not implemented for: KiCadLib.PCB.PCBLine
        Error: Import is not implemented for: KiCadLib.PCB.PCBLine
        Error: Import is not implemented for: KiCadLib.PCB.PCBLine
        Error: Import is not implemented for: KiCadLib.PCB.PCBLine
        Error: Import is not implemented for: KiCadLib.PCB.PCBLine
        Error: Import is not implemented for: KiCadLib.PCB.PCBLine
        Error: Import is not implemented for: KiCadLib.PCB.PCBLine
        Error: Import is not implemented for: KiCadLib.PCB.PCBLine
        Error: Import is not implemented for: KiCadLib.PCB.PCBLine
        Error: Import is not implemented for: KiCadLib.PCB.PCBLine
        Error: Import is not implemented for: KiCadLib.PCB.PCBLine
        Error: Import is not implemented for: KiCadLib.PCB.PCBLine
        Error: Import is not implemented for: KiCadLib.PCB.PCBLine
        Error: Import is not implemented for: KiCadLib.PCB.PCBLine
        Error: Import is not implemented for: KiCadLib.PCB.PCBLine
        Error: Import is not implemented for: KiCadLib.PCB.PCBLine
        Error: Import is not implemented for: KiCadLib.PCB.PCBLine
        Error: Import is not implemented for: KiCadLib.PCB.PCBLine
        Error: Import is not implemented for: KiCadLib.PCB.PCBLine
        Error: Import is not implemented for: KiCadLib.PCB.PCBLine
        Error: Import is not implemented for: KiCadLib.PCB.PCBLine
        Error: Import is not implemented for: KiCadLib.PCB.PCBLine
        Error: Import is not implemented for: KiCadLib.PCB.PCBLine
        Error: Import is not implemented for: KiCadLib.PCB.PCBLine
        Error: Import is not implemented for: KiCadLib.PCB.PCBLine
        Error: Import is not implemented for: KiCadLib.PCB.PCBLine
        Error: Import is not implemented for: KiCadLib.PCB.PCBLine
        Error: Import is not implemented for: KiCadLib.PCB.PCBLine
        Error: Import is not implemented for: KiCadLib.PCB.PCBLine
        Error: Import is not implemented for: KiCadLib.PCB.PCBLine
        Error: Import is not implemented for: KiCadLib.PCB.PCBLine
        Error: Import is not implemented for: KiCadLib.PCB.PCBLine
        Error: Import is not implemented for: KiCadLib.PCB.PCBLine
        Error: Import is not implemented for: KiCadLib.PCB.PCBLine
        Error: Import is not implemented for: KiCadLib.PCB.PCBLine
        Error: Import is not implemented for: KiCadLib.PCB.PCBLine
        Error: Import is not implemented for: KiCadLib.PCB.PCBLine
        Error: Import is not implemented for: KiCadLib.PCB.PCBLine
        Error: Import is not implemented for: KiCadLib.PCB.PCBLine
        Error: Import is not implemented for: KiCadLib.PCB.PCBLine
        Error: Import is not implemented for: KiCadLib.PCB.PCBLine
        Error: Import is not implemented for: KiCadLib.PCB.PCBLine
        Error: Import is not implemented for: KiCadLib.PCB.PCBLine
        Error: Import is not implemented for: KiCadLib.PCB.PCBLine
        Error: Import is not implemented for: KiCadLib.PCB.PCBLine
        Error: Import is not implemented for: KiCadLib.PCB.PCBLine
        Error: Import is not implemented for: KiCadLib.PCB.PCBLine
        Error: Import is not implemented for: KiCadLib.PCB.PCBLine
        Error: Import is not implemented for: KiCadLib.PCB.PCBLine
        Error: Import is not implemented for: KiCadLib.PCB.PCBLine
        Error: Import is not implemented for: KiCadLib.PCB.PCBLine
        Error: Import is not implemented for: KiCadLib.PCB.PCBLine
        Error: Import is not implemented for: KiCadLib.PCB.PCBLine
        Error: Import is not implemented for: KiCadLib.PCB.PCBLine
        Error: Import is not implemented for: KiCadLib.PCB.PCBLine
        Error: Import is not implemented for: KiCadLib.PCB.PCBLine
        Error: Import is not implemented for: KiCadLib.PCB.PCBLine
        Error: Import is not implemented for: KiCadLib.PCB.PCBLine
        Error: Import is not implemented for: KiCadLib.PCB.PCBLine
        Error: Import is not implemented for: KiCadLib.PCB.PCBLine
        Error: Import is not implemented for: KiCadLib.PCB.PCBLine
        Error: Import is not implemented for: KiCadLib.PCB.PCBLine
        Error: Import is not implemented for: KiCadLib.PCB.PCBLine
        Error: Import is not implemented for: KiCadLib.PCB.PCBLine
        Error: Import is not implemented for: KiCadLib.PCB.PCBLine
        Error: Import is not implemented for: KiCadLib.PCB.PCBLine
        Error: Import is not implemented for: KiCadLib.PCB.PCBLine
        Error: Import is not implemented for: KiCadLib.PCB.PCBLine
        Error: Import is not implemented for: KiCadLib.PCB.PCBLine
        Error: Import is not implemented for: KiCadLib.PCB.PCBLine
        Error: Import is not implemented for: KiCadLib.PCB.PCBLine
        Error: Import is not implemented for: KiCadLib.PCB.PCBLine
        Error: Import is not implemented for: KiCadLib.PCB.PCBLine
        Error: Import is not implemented for: KiCadLib.PCB.PCBLine
        Error: Import is not implemented for: KiCadLib.PCB.PCBLine
        Error: Import is not implemented for: KiCadLib.PCB.PCBLine
        Error: Import is not implemented for: KiCadLib.PCB.PCBLine
        Error: Import is not implemented for: KiCadLib.PCB.PCBLine
        Error: Import is not implemented for: KiCadLib.PCB.PCBLine
        Error: Import is not implemented for: KiCadLib.PCB.PCBLine
        Error: Import is not implemented for: KiCadLib.PCB.PCBLine
        Error: Import is not implemented for: KiCadLib.PCB.PCBLine
        Error: Import is not implemented for: KiCadLib.PCB.PCBLine
        Error: Import is not implemented for: KiCadLib.PCB.PCBLine
        Error: Import is not implemented for: KiCadLib.PCB.PCBLine
        Error: Import is not implemented for: KiCadLib.PCB.PCBLine
        Error: Import is not implemented for: KiCadLib.PCB.PCBLine
        Error: Import is not implemented for: KiCadLib.PCB.PCBLine
        Error: Import is not implemented for: KiCadLib.PCB.PCBLine
        Error: Import is not implemented for: KiCadLib.PCB.PCBLine
        Error: Import is not implemented for: KiCadLib.PCB.PCBLine
        Error: Import is not implemented for: KiCadLib.PCB.PCBLine
        Error: Import is not implemented for: KiCadLib.PCB.PCBLine
        Error: Import is not implemented for: KiCadLib.PCB.PCBLine
        Error: Import is not implemented for: KiCadLib.PCB.PCBLine
        Error: Import is not implemented for: KiCadLib.PCB.PCBLine
        Error: Import is not implemented for: KiCadLib.PCB.PCBLine
        Error: Import is not implemented for: KiCadLib.PCB.PCBLine
        Error: Import is not implemented for: KiCadLib.PCB.PCBLine
        Error: Import is not implemented for: KiCadLib.PCB.PCBLine
        Error: Import is not implemented for: KiCadLib.PCB.PCBLine
        Error: Import is not implemented for: KiCadLib.PCB.PCBLine
        Error: Import is not implemented for: KiCadLib.PCB.PCBLine
        Error: Import is not implemented for: KiCadLib.PCB.PCBLine
        Error: Import is not implemented for: KiCadLib.PCB.PCBLine
        Error: Import is not implemented for: KiCadLib.PCB.PCBLine
        Error: Import is not implemented for: KiCadLib.PCB.PCBLine
        Error: Import is not implemented for: KiCadLib.PCB.PCBLine
        Error: Import is not implemented for: KiCadLib.PCB.PCBLine
        Error: Import is not implemented for: KiCadLib.PCB.PCBLine
        Error: Import is not implemented for: KiCadLib.PCB.PCBLine
        Error: Import is not implemented for: KiCadLib.PCB.PCBLine
        Error: Import is not implemented for: KiCadLib.PCB.PCBLine
        Error: Import is not implemented for: KiCadLib.PCB.PCBLine
        Error: Import is not implemented for: KiCadLib.PCB.PCBLine
        Error: Import is not implemented for: KiCadLib.PCB.PCBLine
        Error: Import is not implemented for: KiCadLib.PCB.PCBLine
        Error: Import is not implemented for: KiCadLib.PCB.PCBLine
        Error: Import is not implemented for: KiCadLib.PCB.PCBLine
        Error: Import is not implemented for: KiCadLib.PCB.PCBLine
        Error: Import is not implemented for: KiCadLib.PCB.PCBLine
        Error: Import is not implemented for: KiCadLib.PCB.PCBLine
        Error: Import is not implemented for: KiCadLib.PCB.PCBLine
        Error: Import is not implemented for: KiCadLib.PCB.PCBLine
        Error: Import is not implemented for: KiCadLib.PCB.PCBLine
        Error: Import is not implemented for: KiCadLib.PCB.PCBLine
        Error: Import is not implemented for: KiCadLib.PCB.PCBLine
        Error: Import is not implemented for: KiCadLib.PCB.PCBLine
        Error: Import is not implemented for: KiCadLib.PCB.PCBLine
        Error: Import is not implemented for: KiCadLib.PCB.PCBLine
        Error: Import is not implemented for: KiCadLib.PCB.PCBLine
        Error: Import is not implemented for: KiCadLib.PCB.PCBLine
        Error: Import is not implemented for: KiCadLib.PCB.PCBLine
        Error: Import is not implemented for: KiCadLib.PCB.PCBLine
        Error: Import is not implemented for: KiCadLib.PCB.PCBLine
        Error: Import is not implemented for: KiCadLib.PCB.PCBLine
        Error: Import is not implemented for: KiCadLib.PCB.PCBLine
        Error: Import is not implemented for: KiCadLib.PCB.PCBLine
        Error: Import is not implemented for: KiCadLib.PCB.PCBLine
        Error: Import is not implemented for: KiCadLib.PCB.PCBLine
        Error: Import is not implemented for: KiCadLib.PCB.PCBLine
        Error: Import is not implemented for: KiCadLib.PCB.PCBLine
        Error: Import is not implemented for: KiCadLib.PCB.PCBLine
        Error: Import is not implemented for: KiCadLib.PCB.PCBLine
        Error: Import is not implemented for: KiCadLib.PCB.PCBLine
        Error: Import is not implemented for: KiCadLib.PCB.PCBLine
        Error: Import is not implemented for: KiCadLib.PCB.PCBLine
        Error: Import is not implemented for: KiCadLib.PCB.PCBLine
        Error: Import is not implemented for: KiCadLib.PCB.PCBLine
        Error: Import is not implemented for: KiCadLib.PCB.PCBLine
        Error: Import is not implemented for: KiCadLib.PCB.PCBLine
        Error: Import is not implemented for: KiCadLib.PCB.PCBLine
        Error: Import is not implemented for: KiCadLib.PCB.PCBLine
        Error: Import is not implemented for: KiCadLib.PCB.PCBLine
        Error: Import is not implemented for: KiCadLib.PCB.PCBLine
        Error: Import is not implemented for: KiCadLib.PCB.PCBLine
        Error: Import is not implemented for: KiCadLib.PCB.PCBLine
        Error: Import is not implemented for: KiCadLib.PCB.PCBLine
        Error: Import is not implemented for: KiCadLib.PCB.PCBLine
        Error: Import is not implemented for: KiCadLib.PCB.PCBLine
        Error: Import is not implemented for: KiCadLib.PCB.PCBLine
        Error: Import is not implemented for: KiCadLib.PCB.PCBLine
        Error: Import is not implemented for: KiCadLib.PCB.PCBLine
        Error: Import is not implemented for: KiCadLib.PCB.PCBLine
        Error: Import is not implemented for: KiCadLib.PCB.PCBLine
        Error: Import is not implemented for: KiCadLib.PCB.PCBLine
        Error: Import is not implemented for: KiCadLib.PCB.PCBLine
        Error: Import is not implemented for: KiCadLib.PCB.PCBLine
        Error: Import is not implemented for: KiCadLib.PCB.PCBLine
        Error: Import is not implemented for: KiCadLib.PCB.PCBLine
        Error: Import is not implemented for: KiCadLib.PCB.PCBLine
        Error: Import is not implemented for: KiCadLib.PCB.PCBLine
        Error: Import is not implemented for: KiCadLib.PCB.PCBLine
        Error: Import is not implemented for: KiCadLib.PCB.PCBLine
        Error: Import is not implemented for: KiCadLib.PCB.PCBLine
        Error: Import is not implemented for: KiCadLib.PCB.PCBLine
        Error: Import is not implemented for: KiCadLib.PCB.PCBLine
        Error: Import is not implemented for: KiCadLib.PCB.PCBLine
        Error: Import is not implemented for: KiCadLib.PCB.PCBLine
        Error: Import is not implemented for: KiCadLib.PCB.PCBLine
        Error: Import is not implemented for: KiCadLib.PCB.PCBLine
        Error: Import is not implemented for: KiCadLib.PCB.PCBLine
        Error: Import is not implemented for: KiCadLib.PCB.PCBLine
        Error: Import is not implemented for: KiCadLib.PCB.PCBLine
        Error: Import is not implemented for: KiCadLib.PCB.PCBLine
        Error: Import is not implemented for: KiCadLib.PCB.PCBLine
        Error: Import is not implemented for: KiCadLib.PCB.PCBLine
        Error: Import is not implemented for: KiCadLib.PCB.PCBLine
        Error: Import is not implemented for: KiCadLib.PCB.PCBLine
        Error: Import is not implemented for: KiCadLib.PCB.PCBLine
        Error: Import is not implemented for: KiCadLib.PCB.PCBLine
        Error: Import is not implemented for: KiCadLib.PCB.PCBLine
        Error: Import is not implemented for: KiCadLib.PCB.PCBLine
        Error: Import is not implemented for: KiCadLib.PCB.PCBLine
        Error: Import is not implemented for: KiCadLib.PCB.PCBLine
        Error: Import is not implemented for: KiCadLib.PCB.PCBLine
        Error: Import is not implemented for: KiCadLib.PCB.PCBLine
        Error: Import is not implemented for: KiCadLib.PCB.PCBLine
        Error: Import is not implemented for: KiCadLib.PCB.PCBLine
        Error: Import is not implemented for: KiCadLib.PCB.PCBLine
        Error: Import is not implemented for: KiCadLib.PCB.PCBLine
        Error: Import is not implemented for: KiCadLib.PCB.PCBLine
        Error: Import is not implemented for: KiCadLib.PCB.PCBLine
        Error: Import is not implemented for: KiCadLib.PCB.PCBLine
        Error: Import is not implemented for: KiCadLib.PCB.PCBLine
        Error: Import is not implemented for: KiCadLib.PCB.PCBLine
        Error: Import is not implemented for: KiCadLib.PCB.PCBLine
        Error: Import is not implemented for: KiCadLib.PCB.PCBLine
        Error: Import is not implemented for: KiCadLib.PCB.PCBLine
        Error: Import is not implemented for: KiCadLib.PCB.PCBLine
        Error: Import is not implemented for: KiCadLib.PCB.PCBLine
        Error: Import is not implemented for: KiCadLib.PCB.PCBLine
        Error: Import is not implemented for: KiCadLib.PCB.PCBLine
        Error: Import is not implemented for: KiCadLib.PCB.PCBLine
        Error: Import is not implemented for: KiCadLib.PCB.PCBLine
        Error: Import is not implemented for: KiCadLib.PCB.PCBLine
        Error: Import is not implemented for: KiCadLib.PCB.PCBLine
        Error: Import is not implemented for: KiCadLib.PCB.PCBLine
        Error: Import is not implemented for: KiCadLib.PCB.PCBLine
        Error: Import is not implemented for: KiCadLib.PCB.PCBLine
        Error: Import is not implemented for: KiCadLib.PCB.PCBLine
        Error: Import is not implemented for: KiCadLib.PCB.PCBLine
        Error: Import is not implemented for: KiCadLib.PCB.PCBLine
        Error: Import is not implemented for: KiCadLib.PCB.PCBLine
        Error: Import is not implemented for: KiCadLib.PCB.PCBLine
        Error: Import is not implemented for: KiCadLib.PCB.PCBLine
        Error: Import is not implemented for: KiCadLib.PCB.PCBLine
        Error: Import is not implemented for: KiCadLib.PCB.PCBLine
        Error: Import is not implemented for: KiCadLib.PCB.PCBLine
        Error: Import is not implemented for: KiCadLib.PCB.PCBLine
        Error: Import is not implemented for: KiCadLib.PCB.PCBLine
        Error: Import is not implemented for: KiCadLib.PCB.PCBLine
        Error: Import is not implemented for: KiCadLib.PCB.PCBLine
        Error: Import is not implemented for: KiCadLib.PCB.PCBLine
        Error: Import is not implemented for: KiCadLib.PCB.PCBLine
        Error: Import is not implemented for: KiCadLib.PCB.PCBLine
        Error: Import is not implemented for: KiCadLib.PCB.PCBLine
        Error: Import is not implemented for: KiCadLib.PCB.PCBLine
        Error: Import is not implemented for: KiCadLib.PCB.PCBLine
        Error: Import is not implemented for: KiCadLib.PCB.PCBLine
        Error: Import is not implemented for: KiCadLib.PCB.PCBLine
        Error: Import is not implemented for: KiCadLib.PCB.PCBLine
        Error: Import is not implemented for: KiCadLib.PCB.PCBLine
        Error: Import is not implemented for: KiCadLib.PCB.PCBLine
        Error: Import is not implemented for: KiCadLib.PCB.PCBLine
        Error: Import is not implemented for: KiCadLib.PCB.PCBLine
        Error: Import is not implemented for: KiCadLib.PCB.PCBLine
        Error: Import is not implemented for: KiCadLib.PCB.PCBLine
        Error: Import is not implemented for: KiCadLib.PCB.PCBLine
        Error: Import is not implemented for: KiCadLib.PCB.PCBLine
        Error: Import is not implemented for: KiCadLib.PCB.PCBLine
        Error: Import is not implemented for: KiCadLib.PCB.PCBLine
        Error: Import is not implemented for: KiCadLib.PCB.PCBLine
        Error: Import is not implemented for: KiCadLib.PCB.PCBLine
        Error: Import is not implemented for: KiCadLib.PCB.PCBLine
        Error: Import is not implemented for: KiCadLib.PCB.PCBLine
        Error: Import is not implemented for: KiCadLib.PCB.PCBLine
        Error: Import is not implemented for: KiCadLib.PCB.PCBLine
        Error: Import is not implemented for: KiCadLib.PCB.PCBLine
        Error: Import is not implemented for: KiCadLib.PCB.PCBLine
        Error: Import is not implemented for: KiCadLib.PCB.PCBLine
        Error: Import is not implemented for: KiCadLib.PCB.PCBLine
        Error: Import is not implemented for: KiCadLib.PCB.PCBLine
        Error: Import is not implemented for: KiCadLib.PCB.PCBLine
        Error: Import is not implemented for: KiCadLib.PCB.PCBLine
        Error: Import is not implemented for: KiCadLib.PCB.PCBLine
        Error: Import is not implemented for: KiCadLib.PCB.PCBLine
        Error: Import is not implemented for: KiCadLib.PCB.PCBLine
        Error: Import is not implemented for: KiCadLib.PCB.PCBLine
        Error: Import is not implemented for: KiCadLib.PCB.PCBLine
        Error: Import is not implemented for: KiCadLib.PCB.PCBLine
        Error: Import is not implemented for: KiCadLib.PCB.PCBLine
        Error: Import is not implemented for: KiCadLib.PCB.PCBLine
        Error: Import is not implemented for: KiCadLib.PCB.PCBLine
        Error: Import is not implemented for: KiCadLib.PCB.PCBLine
        Error: Import is not implemented for: KiCadLib.PCB.PCBLine
        Error: Import is not implemented for: KiCadLib.PCB.PCBLine
        Error: Import is not implemented for: KiCadLib.PCB.PCBLine
        Error: Import is not implemented for: KiCadLib.PCB.PCBLine
        Error: Import is not implemented for: KiCadLib.PCB.PCBLine
        Error: Import is not implemented for: KiCadLib.PCB.PCBLine
        Error: Import is not implemented for: KiCadLib.PCB.PCBLine
        Error: Import is not implemented for: KiCadLib.PCB.PCBLine
        Error: Import is not implemented for: KiCadLib.PCB.PCBLine
        Error: Import is not implemented for: KiCadLib.PCB.PCBLine
        Error: Import is not implemented for: KiCadLib.PCB.PCBLine
        Error: Import is not implemented for: KiCadLib.PCB.PCBLine
        Error: Import is not implemented for: KiCadLib.PCB.PCBLine
        Error: Import is not implemented for: KiCadLib.PCB.PCBLine
        Error: Import is not implemented for: KiCadLib.PCB.PCBLine
        Error: Import is not implemented for: KiCadLib.PCB.PCBLine
        Error: Import is not implemented for: KiCadLib.PCB.PCBLine
        Error: Import is not implemented for: KiCadLib.PCB.PCBLine
        Error: Import is not implemented for: KiCadLib.PCB.PCBLine
        Error: Import is not implemented for: KiCadLib.PCB.PCBLine
        Error: Import is not implemented for: KiCadLib.PCB.PCBLine
        Error: Import is not implemented for: KiCadLib.PCB.PCBLine
        Error: Import is not implemented for: KiCadLib.PCB.PCBLine
        Error: Import is not implemented for: KiCadLib.PCB.PCBLine
        Error: Import is not implemented for: KiCadLib.PCB.PCBLine
        Error: Import is not implemented for: KiCadLib.PCB.PCBLine
        Error: Import is not implemented for: KiCadLib.PCB.PCBLine
        Error: Import is not implemented for: KiCadLib.PCB.PCBLine
        Error: Import is not implemented for: KiCadLib.PCB.PCBLine
        Error: Import is not implemented for: KiCadLib.PCB.PCBLine
        Error: Import is not implemented for: KiCadLib.PCB.PCBLine
        Error: Import is not implemented for: KiCadLib.PCB.PCBLine
        Error: Import is not implemented for: KiCadLib.PCB.PCBLine
        Error: Import is not implemented for: KiCadLib.PCB.PCBLine
        Error: Import is not implemented for: KiCadLib.PCB.PCBLine
        Error: Import is not implemented for: KiCadLib.PCB.PCBLine
        Error: Import is not implemented for: KiCadLib.PCB.PCBLine
        Error: Import is not implemented for: KiCadLib.PCB.PCBLine
        Error: Import is not implemented for: KiCadLib.PCB.PCBLine
        Error: Import is not implemented for: KiCadLib.PCB.PCBLine
        Error: Import is not implemented for: KiCadLib.PCB.PCBLine
        Error: Import is not implemented for: KiCadLib.PCB.PCBLine
        Error: Import is not implemented for: KiCadLib.PCB.PCBLine
        Error: Import is not implemented for: KiCadLib.PCB.PCBLine
        Error: Import is not implemented for: KiCadLib.PCB.PCBLine
        Error: Import is not implemented for: KiCadLib.PCB.PCBLine
        Error: Import is not implemented for: KiCadLib.PCB.PCBLine
        Error: Import is not implemented for: KiCadLib.PCB.PCBLine
        Error: Import is not implemented for: KiCadLib.PCB.PCBLine
        Error: Import is not implemented for: KiCadLib.PCB.PCBLine
        Error: Import is not implemented for: KiCadLib.PCB.PCBLine
        Error: Import is not implemented for: KiCadLib.PCB.PCBLine
        Error: Import is not implemented for: KiCadLib.PCB.PCBLine
        Error: Import is not implemented for: KiCadLib.PCB.PCBLine
        Error: Import is not implemented for: KiCadLib.PCB.PCBLine
        Error: Import is not implemented for: KiCadLib.PCB.PCBLine
        Error: Import is not implemented for: KiCadLib.PCB.PCBLine
        Error: Import is not implemented for: KiCadLib.PCB.PCBLine
        Error: Import is not implemented for: KiCadLib.PCB.PCBLine
        Error: Import is not implemented for: KiCadLib.PCB.PCBLine
        Error: Import is not implemented for: KiCadLib.PCB.PCBLine
        Error: Import is not implemented for: KiCadLib.PCB.PCBLine
        Error: Import is not implemented for: KiCadLib.PCB.PCBLine
        Error: Import is not implemented for: KiCadLib.PCB.PCBLine
        Error: Import is not implemented for: KiCadLib.PCB.PCBLine
        Error: Import is not implemented for: KiCadLib.PCB.PCBLine
        Error: Import is not implemented for: KiCadLib.PCB.PCBLine
        Error: Import is not implemented for: KiCadLib.PCB.PCBLine
        Error: Import is not implemented for: KiCadLib.PCB.PCBLine
        Error: Import is not implemented for: KiCadLib.PCB.PCBLine
        Error: Import is not implemented for: KiCadLib.PCB.PCBLine
        Error: Import is not implemented for: KiCadLib.PCB.PCBLine
        Error: Import is not implemented for: KiCadLib.PCB.PCBLine
        Error: Import is not implemented for: KiCadLib.PCB.PCBLine
        Error: Import is not implemented for: KiCadLib.PCB.PCBLine
        Error: Import is not implemented for: KiCadLib.PCB.PCBLine
        Error: Import is not implemented for: KiCadLib.PCB.PCBLine
        Error: Import is not implemented for: KiCadLib.PCB.PCBLine
        Error: Import is not implemented for: KiCadLib.PCB.PCBLine
        Error: Import is not implemented for: KiCadLib.PCB.PCBLine
        Error: Import is not implemented for: KiCadLib.PCB.PCBLine
        Error: Import is not implemented for: KiCadLib.PCB.PCBLine
        Error: Import is not implemented for: KiCadLib.PCB.PCBLine
        Error: Import is not implemented for: KiCadLib.PCB.PCBLine
        Error: Import is not implemented for: KiCadLib.PCB.PCBLine
        Error: Import is not implemented for: KiCadLib.PCB.PCBLine
        Error: Import is not implemented for: KiCadLib.PCB.PCBLine
        Error: Import is not implemented for: KiCadLib.PCB.PCBLine
        Error: Import is not implemented for: KiCadLib.PCB.PCBLine
        Error: Import is not implemented for: KiCadLib.PCB.PCBLine
        Error: Import is not implemented for: KiCadLib.PCB.PCBLine
        Error: Import is not implemented for: KiCadLib.PCB.PCBLine
        Error: Import is not implemented for: KiCadLib.PCB.PCBLine
        Error: Import is not implemented for: KiCadLib.PCB.PCBLine
        Error: Import is not implemented for: KiCadLib.PCB.PCBLine
        Error: Import is not implemented for: KiCadLib.PCB.PCBLine
        Error: Import is not implemented for: KiCadLib.PCB.PCBLine
        Error: Import is not implemented for: KiCadLib.PCB.PCBLine
        Error: Import is not implemented for: KiCadLib.PCB.PCBLine
        Error: Import is not implemented for: KiCadLib.PCB.PCBLine
        Error: Import is not implemented for: KiCadLib.PCB.PCBLine
        Error: Import is not implemented for: KiCadLib.PCB.PCBLine
        Error: Import is not implemented for: KiCadLib.PCB.PCBLine
        Error: Import is not implemented for: KiCadLib.PCB.PCBLine
        Error: Import is not implemented for: KiCadLib.PCB.PCBLine
        Error: Import is not implemented for: KiCadLib.PCB.PCBLine
        Error: Import is not implemented for: KiCadLib.PCB.PCBLine
        Error: Import is not implemented for: KiCadLib.PCB.PCBLine
        Error: Import is not implemented for: KiCadLib.PCB.PCBLine
        Error: Import is not implemented for: KiCadLib.PCB.PCBLine
        Error: Import is not implemented for: KiCadLib.PCB.PCBLine
        Error: Import is not implemented for: KiCadLib.PCB.PCBLine
        Error: Import is not implemented for: KiCadLib.PCB.PCBLine
        Error: Import is not implemented for: KiCadLib.PCB.PCBLine
        Error: Import is not implemented for: KiCadLib.PCB.PCBLine
        Error: Import is not implemented for: KiCadLib.PCB.PCBLine
        Error: Import is not implemented for: KiCadLib.PCB.PCBLine
        Error: Import is not implemented for: KiCadLib.PCB.PCBLine
        Error: Import is not implemented for: KiCadLib.PCB.PCBLine
        Error: Import is not implemented for: KiCadLib.PCB.PCBLine
        Error: Import is not implemented for: KiCadLib.PCB.PCBLine
        Error: Import is not implemented for: KiCadLib.PCB.PCBLine
        Error: Import is not implemented for: KiCadLib.PCB.PCBLine
        Error: Import is not implemented for: KiCadLib.PCB.PCBLine
        Error: Import is not implemented for: KiCadLib.PCB.PCBLine
        Error: Import is not implemented for: KiCadLib.PCB.PCBLine
        Error: Import is not implemented for: KiCadLib.PCB.PCBLine
        Error: Import is not implemented for: KiCadLib.PCB.PCBLine
        Error: Import is not implemented for: KiCadLib.PCB.PCBLine
        Error: Import is not implemented for: KiCadLib.PCB.PCBLine
        Error: Import is not implemented for: KiCadLib.PCB.PCBLine
        Error: Import is not implemented for: KiCadLib.PCB.PCBLine
        Error: Import is not implemented for: KiCadLib.PCB.PCBLine
        Error: Import is not implemented for: KiCadLib.PCB.PCBLine
        Error: Import is not implemented for: KiCadLib.PCB.PCBLine
        Error: Import is not implemented for: KiCadLib.PCB.PCBLine
        Error: Import is not implemented for: KiCadLib.PCB.PCBLine
        Error: Import is not implemented for: KiCadLib.PCB.PCBLine
        Error: Import is not implemented for: KiCadLib.PCB.PCBLine
        Error: Import is not implemented for: KiCadLib.PCB.PCBLine
        Error: Import is not implemented for: KiCadLib.PCB.PCBLine
        Error: Import is not implemented for: KiCadLib.PCB.PCBLine
        Error: Import is not implemented for: KiCadLib.PCB.PCBLine
        Error: Import is not implemented for: KiCadLib.PCB.PCBLine
        Error: Import is not implemented for: KiCadLib.PCB.PCBLine
        Error: Import is not implemented for: KiCadLib.PCB.PCBLine
        Error: Import is not implemented for: KiCadLib.PCB.PCBLine
        Error: Import is not implemented for: KiCadLib.PCB.PCBLine
        Error: Import is not implemented for: KiCadLib.PCB.PCBLine
        Error: Import is not implemented for: KiCadLib.PCB.PCBLine
        Error: Import is not implemented for: KiCadLib.PCB.PCBLine
        Error: Import is not implemented for: KiCadLib.PCB.PCBLine
        Error: Import is not implemented for: KiCadLib.PCB.PCBLine
        Error: Import is not implemented for: KiCadLib.PCB.PCBLine
        Error: Import is not implemented for: KiCadLib.PCB.PCBLine
        Error: Import is not implemented for: KiCadLib.PCB.PCBLine
        Error: Import is not implemented for: KiCadLib.PCB.PCBLine
        Error: Import is not implemented for: KiCadLib.PCB.PCBLine
        Error: Import is not implemented for: KiCadLib.PCB.PCBLine
        Error: Import is not implemented for: KiCadLib.PCB.PCBLine
        Error: Import is not implemented for: KiCadLib.PCB.PCBLine
        Error: Import is not implemented for: KiCadLib.PCB.PCBLine
        Error: Import is not implemented for: KiCadLib.PCB.PCBLine
        Error: Import is not implemented for: KiCadLib.PCB.PCBLine
        Error: Import is not implemented for: KiCadLib.PCB.PCBLine
        Error: Import is not implemented for: KiCadLib.PCB.PCBLine
        Error: Import is not implemented for: KiCadLib.PCB.PCBLine
        Error: Import is not implemented for: KiCadLib.PCB.PCBLine
        Error: Import is not implemented for: KiCadLib.PCB.PCBLine
        Error: Import is not implemented for: KiCadLib.PCB.PCBLine
        Error: Import is not implemented for: KiCadLib.PCB.PCBLine
        Error: Import is not implemented for: KiCadLib.PCB.PCBLine
        Error: Import is not implemented for: KiCadLib.PCB.PCBLine
        Error: Import is not implemented for: KiCadLib.PCB.PCBLine
        Error: Import is not implemented for: KiCadLib.PCB.PCBLine
        Error: Import is not implemented for: KiCadLib.PCB.PCBLine
        Error: Import is not implemented for: KiCadLib.PCB.PCBLine
        Error: Import is not implemented for: KiCadLib.PCB.PCBLine
        Error: Import is not implemented for: KiCadLib.PCB.PCBLine
        Error: Import is not implemented for: KiCadLib.PCB.PCBLine
        Error: Import is not implemented for: KiCadLib.PCB.PCBLine
        Error: Import is not implemented for: KiCadLib.PCB.PCBLine
        Error: Import is not implemented for: KiCadLib.PCB.PCBLine
        Error: Import is not implemented for: KiCadLib.PCB.PCBLine
        Error: Import is not implemented for: KiCadLib.PCB.PCBLine
        Error: Import is not implemented for: KiCadLib.PCB.PCBLine
        Error: Import is not implemented for: KiCadLib.PCB.PCBLine
        Error: Import is not implemented for: KiCadLib.PCB.PCBLine
        Error: Import is not implemented for: KiCadLib.PCB.PCBLine
        Error: Import is not implemented for: KiCadLib.PCB.PCBLine
        Error: Import is not implemented for: KiCadLib.PCB.PCBLine
        Error: Import is not implemented for: KiCadLib.PCB.PCBLine
        Error: Import is not implemented for: KiCadLib.PCB.PCBLine
        Error: Import is not implemented for: KiCadLib.PCB.PCBLine
        Error: Import is not implemented for: KiCadLib.PCB.PCBLine
        Error: Import is not implemented for: KiCadLib.PCB.PCBLine
        Error: Import is not implemented for: KiCadLib.PCB.PCBLine
        Error: Import is not implemented for: KiCadLib.PCB.PCBLine
        Error: Import is not implemented for: KiCadLib.PCB.PCBLine
        Error: Import is not implemented for: KiCadLib.PCB.PCBLine
        Error: Import is not implemented for: KiCadLib.PCB.PCBLine
        Error: Import is not implemented for: KiCadLib.PCB.PCBLine
        Error: Import is not implemented for: KiCadLib.PCB.PCBLine
        Error: Import is not implemented for: KiCadLib.PCB.PCBLine
        Error: Import is not implemented for: KiCadLib.PCB.PCBLine
        Error: Import is not implemented for: KiCadLib.PCB.PCBLine
        Error: Import is not implemented for: KiCadLib.PCB.PCBLine
        Error: Import is not implemented for: KiCadLib.PCB.PCBLine
        Error: Import is not implemented for: KiCadLib.PCB.PCBLine
        Error: Import is not implemented for: KiCadLib.PCB.PCBLine
        Error: Import is not implemented for: KiCadLib.PCB.PCBLine
        Error: Import is not implemented for: KiCadLib.PCB.PCBLine
        Error: Import is not implemented for: KiCadLib.PCB.PCBLine
        Error: Import is not implemented for: KiCadLib.PCB.PCBLine
        Error: Import is not implemented for: KiCadLib.PCB.PCBLine
        Error: Import is not implemented for: KiCadLib.PCB.PCBLine
        Error: Import is not implemented for: KiCadLib.PCB.PCBLine
        Error: Import is not implemented for: KiCadLib.PCB.PCBLine
        Error: Import is not implemented for: KiCadLib.PCB.PCBLine
        Error: Import is not implemented for: KiCadLib.PCB.PCBLine
        Error: Import is not implemented for: KiCadLib.PCB.PCBLine
        Error: Import is not implemented for: KiCadLib.PCB.PCBLine
        Error: Import is not implemented for: KiCadLib.PCB.PCBLine
        Error: Import is not implemented for: KiCadLib.PCB.PCBLine
        Error: Import is not implemented for: KiCadLib.PCB.PCBLine
        Error: Import is not implemented for: KiCadLib.PCB.PCBLine
        Error: Import is not implemented for: KiCadLib.PCB.PCBLine
        Error: Import is not implemented for: KiCadLib.PCB.PCBLine
        Error: Import is not implemented for: KiCadLib.PCB.PCBLine
        Error: Import is not implemented for: KiCadLib.PCB.PCBLine
        Error: Import is not implemented for: KiCadLib.PCB.PCBLine
        Error: Import is not implemented for: KiCadLib.PCB.PCBLine
        Error: Import is not implemented for: KiCadLib.PCB.PCBLine
        Error: Import is not implemented for: KiCadLib.PCB.PCBLine
        Error: Import is not implemented for: KiCadLib.PCB.PCBLine
        Error: Import is not implemented for: KiCadLib.PCB.PCBLine
        Error: Import is not implemented for: KiCadLib.PCB.PCBLine
        Error: Import is not implemented for: KiCadLib.PCB.PCBLine
        Error: Import is not implemented for: KiCadLib.PCB.PCBLine
        Error: Import is not implemented for: KiCadLib.PCB.PCBLine
        Error: Import is not implemented for: KiCadLib.PCB.PCBLine
        Error: Import is not implemented for: KiCadLib.PCB.PCBLine
        Error: Import is not implemented for: KiCadLib.PCB.PCBLine
        Error: Import is not implemented for: KiCadLib.PCB.PCBLine
        Error: Import is not implemented for: KiCadLib.PCB.PCBLine
        Error: Import is not implemented for: KiCadLib.PCB.PCBLine
        Error: Import is not implemented for: KiCadLib.PCB.PCBLine
        Error: Import is not implemented for: KiCadLib.PCB.PCBLine
        Error: Import is not implemented for: KiCadLib.PCB.PCBLine
        Error: Import is not implemented for: KiCadLib.PCB.PCBLine
        Error: Import is not implemented for: KiCadLib.PCB.PCBLine
        Error: Import is not implemented for: KiCadLib.PCB.PCBLine
        Error: Import is not implemented for: KiCadLib.PCB.PCBLine
        Error: Import is not implemented for: KiCadLib.PCB.PCBLine
        Error: Import is not implemented for: KiCadLib.PCB.PCBLine
        Error: Import is not implemented for: KiCadLib.PCB.PCBLine
        Error: Import is not implemented for: KiCadLib.PCB.PCBLine
        Error: Import is not implemented for: KiCadLib.PCB.PCBLine
        Error: Import is not implemented for: KiCadLib.PCB.PCBLine
        Error: Import is not implemented for: KiCadLib.PCB.PCBLine
        Error: Import is not implemented for: KiCadLib.PCB.PCBLine
        Error: Import is not implemented for: KiCadLib.PCB.PCBLine
        Error: Import is not implemented for: KiCadLib.PCB.PCBLine
        Error: Import is not implemented for: KiCadLib.PCB.PCBLine
        Error: Import is not implemented for: KiCadLib.PCB.PCBLine
        Error: Import is not implemented for: KiCadLib.PCB.PCBLine
        Error: Import is not implemented for: KiCadLib.PCB.PCBLine
        Error: Import is not implemented for: KiCadLib.PCB.PCBLine
        Error: Import is not implemented for: KiCadLib.PCB.PCBLine
        Error: Import is not implemented for: KiCadLib.PCB.PCBLine
        Error: Import is not implemented for: KiCadLib.PCB.PCBLine
        Error: Import is not implemented for: KiCadLib.PCB.PCBLine
        Error: Import is not implemented for: KiCadLib.PCB.PCBLine
        Error: Import is not implemented for: KiCadLib.PCB.PCBLine
        Error: Import is not implemented for: KiCadLib.PCB.PCBLine
        Error: Import is not implemented for: KiCadLib.PCB.PCBLine
        Error: Import is not implemented for: KiCadLib.PCB.PCBLine
        Error: Import is not implemented for: KiCadLib.PCB.PCBLine
        Error: Import is not implemented for: KiCadLib.PCB.PCBLine
        Error: Import is not implemented for: KiCadLib.PCB.PCBLine
        Error: Import is not implemented for: KiCadLib.PCB.PCBLine
        Error: Import is not implemented for: KiCadLib.PCB.PCBLine
        Error: Import is not implemented for: KiCadLib.PCB.PCBLine
        Error: Import is not implemented for: KiCadLib.PCB.PCBLine
        Error: Import is not implemented for: KiCadLib.PCB.PCBLine
        Error: Import is not implemented for: KiCadLib.PCB.PCBLine
        Error: Import is not implemented for: KiCadLib.PCB.PCBLine
        Error: Import is not implemented for: KiCadLib.PCB.PCBLine
        Error: Import is not implemented for: KiCadLib.PCB.PCBLine
        Error: Import is not implemented for: KiCadLib.PCB.PCBLine
        Error: Import is not implemented for: KiCadLib.PCB.PCBLine
        Error: Import is not implemented for: KiCadLib.PCB.PCBLine
        Error: Import is not implemented for: KiCadLib.PCB.PCBLine
        Error: Import is not implemented for: KiCadLib.PCB.PCBLine
        Error: Import is not implemented for: KiCadLib.PCB.PCBLine
        Error: Import is not implemented for: KiCadLib.PCB.PCBLine
        Error: Import is not implemented for: KiCadLib.PCB.PCBLine
        Error: Import is not implemented for: KiCadLib.PCB.PCBLine
        Error: Import is not implemented for: KiCadLib.PCB.PCBLine
        Error: Import is not implemented for: KiCadLib.PCB.PCBLine
        Error: Import is not implemented for: KiCadLib.PCB.PCBLine
        Error: Import is not implemented for: KiCadLib.PCB.PCBLine
        Error: Import is not implemented for: KiCadLib.PCB.PCBLine
        Error: Import is not implemented for: KiCadLib.PCB.PCBLine
        Error: Import is not implemented for: KiCadLib.PCB.PCBLine
        Error: Import is not implemented for: KiCadLib.PCB.PCBLine
        Error: Import is not implemented for: KiCadLib.PCB.PCBLine
        Error: Import is not implemented for: KiCadLib.PCB.PCBLine
        Error: Import is not implemented for: KiCadLib.PCB.PCBLine
        Error: Import is not implemented for: KiCadLib.PCB.PCBLine
        Error: Import is not implemented for: KiCadLib.PCB.PCBLine
        Error: Import is not implemented for: KiCadLib.PCB.PCBLine
        Error: Import is not implemented for: KiCadLib.PCB.PCBLine
        Error: Import is not implemented for: KiCadLib.PCB.PCBLine
        Error: Import is not implemented for: KiCadLib.PCB.PCBLine
        Error: Import is not implemented for: KiCadLib.PCB.PCBLine
        Error: Import is not implemented for: KiCadLib.PCB.PCBLine
        Error: Import is not implemented for: KiCadLib.PCB.PCBLine
        Error: Import is not implemented for: KiCadLib.PCB.PCBLine
        Error: Import is not implemented for: KiCadLib.PCB.PCBLine
        Error: Import is not implemented for: KiCadLib.PCB.PCBLine
        Error: Import is not implemented for: KiCadLib.PCB.PCBLine
        Error: Import is not implemented for: KiCadLib.PCB.PCBLine
        Error: Import is not implemented for: KiCadLib.PCB.PCBLine
        Error: Import is not implemented for: KiCadLib.PCB.PCBLine
        Error: Import is not implemented for: KiCadLib.PCB.PCBLine
        Error: Import is not implemented for: KiCadLib.PCB.PCBLine
        Error: Import is not implemented for: KiCadLib.PCB.PCBLine
        Error: Import is not implemented for: KiCadLib.PCB.PCBLine
        Error: Import is not implemented for: KiCadLib.PCB.PCBLine
        Error: Import is not implemented for: KiCadLib.PCB.PCBLine
        Error: Import is not implemented for: KiCadLib.PCB.PCBLine
        Error: Import is not implemented for: KiCadLib.PCB.PCBLine
        Error: Import is not implemented for: KiCadLib.PCB.PCBLine
        Error: Import is not implemented for: KiCadLib.PCB.PCBLine
        Error: Import is not implemented for: KiCadLib.PCB.PCBLine
        Error: Import is not implemented for: KiCadLib.PCB.PCBLine
        Error: Import is not implemented for: KiCadLib.PCB.PCBLine
        Error: Import is not implemented for: KiCadLib.PCB.PCBLine
        Error: Import is not implemented for: KiCadLib.PCB.PCBLine
        Error: Import is not implemented for: KiCadLib.PCB.PCBLine
        Error: Import is not implemented for: KiCadLib.PCB.PCBLine
        Error: Import is not implemented for: KiCadLib.PCB.PCBLine
        Error: Import is not implemented for: KiCadLib.PCB.PCBLine
        Error: Import is not implemented for: KiCadLib.PCB.PCBLine
        Error: Import is not implemented for: KiCadLib.PCB.PCBLine
        Error: Import is not implemented for: KiCadLib.PCB.PCBLine
        Error: Import is not implemented for: KiCadLib.PCB.PCBLine
        Error: Import is not implemented for: KiCadLib.PCB.PCBLine
        Error: Import is not implemented for: KiCadLib.PCB.PCBLine
        Error: Import is not implemented for: KiCadLib.PCB.PCBLine
        Error: Import is not implemented for: KiCadLib.PCB.PCBLine
        Error: Import is not implemented for: KiCadLib.PCB.PCBLine
        Error: Import is not implemented for: KiCadLib.PCB.PCBLine
        Error: Import is not implemented for: KiCadLib.PCB.PCBLine
        Error: Import is not implemented for: KiCadLib.PCB.PCBLine
        Error: Import is not implemented for: KiCadLib.PCB.PCBLine
        Error: Import is not implemented for: KiCadLib.PCB.PCBLine
        Error: Import is not implemented for: KiCadLib.PCB.PCBLine
        Error: Import is not implemented for: KiCadLib.PCB.PCBLine
        Error: Import is not implemented for: KiCadLib.PCB.PCBLine
        Error: Import is not implemented for: KiCadLib.PCB.PCBLine
        Error: Import is not implemented for: KiCadLib.PCB.PCBLine
        Error: Import is not implemented for: KiCadLib.PCB.PCBLine
        Error: Import is not implemented for: KiCadLib.PCB.PCBLine
        Error: Import is not implemented for: KiCadLib.PCB.PCBLine
        Error: Import is not implemented for: KiCadLib.PCB.PCBLine
        Error: Import is not implemented for: KiCadLib.PCB.PCBLine
        Error: Import is not implemented for: KiCadLib.PCB.PCBLine
        Error: Import is not implemented for: KiCadLib.PCB.PCBLine
        Error: Import is not implemented for: KiCadLib.PCB.PCBLine
        Error: Import is not implemented for: KiCadLib.PCB.PCBLine
        Error: Import is not implemented for: KiCadLib.PCB.PCBLine
        Error: Import is not implemented for: KiCadLib.PCB.PCBLine
        Error: Import is not implemented for: KiCadLib.PCB.PCBLine
        Error: Import is not implemented for: KiCadLib.PCB.PCBLine
        Error: Import is not implemented for: KiCadLib.PCB.PCBLine
        Error: Import is not implemented for: KiCadLib.PCB.PCBLine
        Error: Import is not implemented for: KiCadLib.PCB.PCBLine
        Error: Import is not implemented for: KiCadLib.PCB.PCBLine
        Error: Import is not implemented for: KiCadLib.PCB.PCBLine
        Error: Import is not implemented for: KiCadLib.PCB.PCBLine
        Error: Import is not implemented for: KiCadLib.PCB.PCBLine
        Error: Import is not implemented for: KiCadLib.PCB.PCBLine
        Error: Import is not implemented for: KiCadLib.PCB.PCBLine
        Error: Import is not implemented for: KiCadLib.PCB.PCBLine
        Error: Import is not implemented for: KiCadLib.PCB.PCBLine
        Error: Import is not implemented for: KiCadLib.PCB.PCBLine
        Error: Import is not implemented for: KiCadLib.PCB.PCBLine
        Error: Import is not implemented for: KiCadLib.PCB.PCBLine
        Error: Import is not implemented for: KiCadLib.PCB.PCBLine
        Error: Import is not implemented for: KiCadLib.PCB.PCBLine
        Error: Import is not implemented for: KiCadLib.PCB.PCBLine
        Error: Import is not implemented for: KiCadLib.PCB.PCBLine
        Error: Import is not implemented for: KiCadLib.PCB.PCBLine
        Error: Import is not implemented for: KiCadLib.PCB.PCBLine
        Error: Import is not implemented for: KiCadLib.PCB.PCBLine
        Error: Import is not implemented for: KiCadLib.PCB.PCBLine
        Error: Import is not implemented for: KiCadLib.PCB.PCBLine
        Error: Import is not implemented for: KiCadLib.PCB.PCBLine
        Error: Import is not implemented for: KiCadLib.PCB.PCBLine
        Error: Import is not implemented for: KiCadLib.PCB.PCBLine
        Error: Import is not implemented for: KiCadLib.PCB.PCBLine
        Error: Import is not implemented for: KiCadLib.PCB.PCBLine
        Error: Import is not implemented for: KiCadLib.PCB.PCBLine
        Error: Import is not implemented for: KiCadLib.PCB.PCBLine
        Section : Component C45 importing.
            Error: Import is not implemented for: KiCadLib.PCB.PCBLine
            Error: Import is not implemented for: KiCadLib.PCB.PCBLine
            Error: Import is not implemented for: KiCadLib.PCB.PCBLine
            Error: Import is not implemented for: KiCadLib.PCB.PCBLine
            Error: Import is not implemented for: KiCadLib.PCB.PCBLine
            Error: Import is not implemented for: KiCadLib.PCB.PCBLine
            Error: Import is not implemented for: KiCadLib.PCB.PCBLine
            Error: Import is not implemented for: KiCadLib.PCB.PCBLine
            Error: Import is not implemented for: KiCadLib.PCB.PCBLine
            Error: Import is not implemented for: KiCadLib.PCB.PCBLine
        EndSection
        Section : Component R14 importing.
            Error: Import is not implemented for: KiCadLib.PCB.PCBLine
            Error: Import is not implemented for: KiCadLib.PCB.PCBLine
            Error: Import is not implemented for: KiCadLib.PCB.PCBLine
            Error: Import is not implemented for: KiCadLib.PCB.PCBLine
            Error: Import is not implemented for: KiCadLib.PCB.PCBLine
            Error: Import is not implemented for: KiCadLib.PCB.PCBLine
            Error: Import is not implemented for: KiCadLib.PCB.PCBLine
            Error: Import is not implemented for: KiCadLib.PCB.PCBLine
            Error: Import is not implemented for: KiCadLib.PCB.PCBLine
            Error: Import is not implemented for: KiCadLib.PCB.PCBLine
        EndSection
        Section : Component D5 importing.
            Error: Import is not implemented for: KiCadLib.PCB.PCBLine
            Error: Import is not implemented for: KiCadLib.PCB.PCBLine
            Error: Import is not implemented for: KiCadLib.PCB.PCBLine
            Error: Import is not implemented for: KiCadLib.PCB.PCBLine
            Error: Import is not implemented for: KiCadLib.PCB.PCBLine
            Error: Import is not implemented for: KiCadLib.PCB.PCBLine
            Error: Import is not implemented for: KiCadLib.PCB.PCBLine
            Error: Import is not implemented for: KiCadLib.PCB.PCBLine
            Error: Import is not implemented for: KiCadLib.PCB.PCBLine
            Error: Import is not implemented for: KiCadLib.PCB.PCBLine
            Error: Import is not implemented for: KiCadLib.PCB.PCBLine
            Error: Import is not implemented for: KiCadLib.PCB.PCBLine
        EndSection
        Section : Component J1 importing.
            Error: Import is not implemented for: KiCadLib.PCB.PCBLine
            Error: Import is not implemented for: KiCadLib.PCB.PCBLine
            Error: Import is not implemented for: KiCadLib.PCB.PCBLine
            Error: Import is not implemented for: KiCadLib.PCB.PCBLine
            Error: Import is not implemented for: KiCadLib.PCB.PCBLine
            Error: Import is not implemented for: KiCadLib.PCB.PCBLine
            Error: Import is not implemented for: KiCadLib.PCB.PCBLine
            Error: Import is not implemented for: KiCadLib.PCB.PCBLine
            Error: Import is not implemented for: KiCadLib.PCB.PCBLine
            Error: Import is not implemented for: KiCadLib.PCB.PCBLine
            Error: Import is not implemented for: KiCadLib.PCB.PCBLine
            Error: Import is not implemented for: KiCadLib.PCB.PCBLine
            Error: Import is not implemented for: KiCadLib.PCB.PCBLine
            Error: Import is not implemented for: KiCadLib.PCB.PCBLine
            Error: Import is not implemented for: KiCadLib.PCB.PCBLine
        EndSection
        Section : Component H3 importing.
        EndSection
        Section : Component U1 importing.
            Error: Import is not implemented for: KiCadLib.PCB.PCBLine
            Error: Import is not implemented for: KiCadLib.PCB.PCBLine
            Error: Import is not implemented for: KiCadLib.PCB.PCBLine
            Error: Import is not implemented for: KiCadLib.PCB.PCBLine
            Error: Import is not implemented for: KiCadLib.PCB.PCBLine
            Error: Import is not implemented for: KiCadLib.PCB.PCBLine
            Error: Import is not implemented for: KiCadLib.PCB.PCBLine
            Error: Import is not implemented for: KiCadLib.PCB.PCBLine
            Error: Import is not implemented for: KiCadLib.PCB.PCBLine
            Error: Import is not implemented for: KiCadLib.PCB.PCBLine
            Error: Import is not implemented for: KiCadLib.PCB.PCBLine
            Error: Import is not implemented for: KiCadLib.PCB.PCBLine
            Error: Import is not implemented for: KiCadLib.PCB.PCBLine
            Error: Import is not implemented for: KiCadLib.PCB.PCBLine
            Error: Import is not implemented for: KiCadLib.PCB.PCBLine
            Error: Import is not implemented for: KiCadLib.PCB.PCBLine
        EndSection
        Section : Component X1 importing.
            Error: Import is not implemented for: KiCadLib.PCB.PCBLine
            Error: Import is not implemented for: KiCadLib.PCB.PCBLine
            Error: Import is not implemented for: KiCadLib.PCB.PCBLine
            Error: Import is not implemented for: KiCadLib.PCB.PCBLine
            Error: Import is not implemented for: KiCadLib.PCB.PCBLine
            Error: Import is not implemented for: KiCadLib.PCB.PCBLine
            Error: Import is not implemented for: KiCadLib.PCB.PCBLine
            Error: Import is not implemented for: KiCadLib.PCB.PCBLine
            Error: Import is not implemented for: KiCadLib.PCB.PCBLine
            Error: Import is not implemented for: KiCadLib.PCB.PCBLine
            Error: Import is not implemented for: KiCadLib.PCB.PCBLine
        EndSection
        Section : Component H1 importing.
        EndSection
        Section : Component C33 importing.
            Error: Import is not implemented for: KiCadLib.PCB.PCBLine
            Error: Import is not implemented for: KiCadLib.PCB.PCBLine
            Error: Import is not implemented for: KiCadLib.PCB.PCBLine
            Error: Import is not implemented for: KiCadLib.PCB.PCBLine
            Error: Import is not implemented for: KiCadLib.PCB.PCBLine
            Error: Import is not implemented for: KiCadLib.PCB.PCBLine
            Error: Import is not implemented for: KiCadLib.PCB.PCBLine
            Error: Import is not implemented for: KiCadLib.PCB.PCBLine
            Error: Import is not implemented for: KiCadLib.PCB.PCBLine
            Error: Import is not implemented for: KiCadLib.PCB.PCBLine
        EndSection
        Section : Component U3 importing.
            Error: Import is not implemented for: KiCadLib.PCB.PCBLine
            Error: Import is not implemented for: KiCadLib.PCB.PCBLine
            Error: Import is not implemented for: KiCadLib.PCB.PCBLine
            Error: Import is not implemented for: KiCadLib.PCB.PCBLine
            Error: Import is not implemented for: KiCadLib.PCB.PCBLine
            Error: Import is not implemented for: KiCadLib.PCB.PCBLine
            Error: Import is not implemented for: KiCadLib.PCB.PCBLine
            Error: Import is not implemented for: KiCadLib.PCB.PCBLine
            Error: Import is not implemented for: KiCadLib.PCB.PCBLine
            Error: Import is not implemented for: KiCadLib.PCB.PCBLine
            Error: Import is not implemented for: KiCadLib.PCB.PCBLine
            Error: Import is not implemented for: KiCadLib.PCB.PCBLine
            Error: Import is not implemented for: KiCadLib.PCB.PCBLine
        EndSection
        Section : Component L3 importing.
            Error: Import is not implemented for: KiCadLib.PCB.PCBLine
            Error: Import is not implemented for: KiCadLib.PCB.PCBLine
            Error: Import is not implemented for: KiCadLib.PCB.PCBLine
            Error: Import is not implemented for: KiCadLib.PCB.PCBLine
            Error: Import is not implemented for: KiCadLib.PCB.PCBLine
            Error: Import is not implemented for: KiCadLib.PCB.PCBLine
            Error: Import is not implemented for: KiCadLib.PCB.PCBLine
            Error: Import is not implemented for: KiCadLib.PCB.PCBLine
            Error: Import is not implemented for: KiCadLib.PCB.PCBLine
            Error: Import is not implemented for: KiCadLib.PCB.PCBLine
        EndSection
        Section : Component R19 importing.
            Error: Import is not implemented for: KiCadLib.PCB.PCBLine
            Error: Import is not implemented for: KiCadLib.PCB.PCBLine
            Error: Import is not implemented for: KiCadLib.PCB.PCBLine
            Error: Import is not implemented for: KiCadLib.PCB.PCBLine
            Error: Import is not implemented for: KiCadLib.PCB.PCBLine
            Error: Import is not implemented for: KiCadLib.PCB.PCBLine
            Error: Import is not implemented for: KiCadLib.PCB.PCBLine
            Error: Import is not implemented for: KiCadLib.PCB.PCBLine
            Error: Import is not implemented for: KiCadLib.PCB.PCBLine
            Error: Import is not implemented for: KiCadLib.PCB.PCBLine
        EndSection
        Section : Component C3 importing.
            Error: Import is not implemented for: KiCadLib.PCB.PCBLine
            Error: Import is not implemented for: KiCadLib.PCB.PCBLine
            Error: Import is not implemented for: KiCadLib.PCB.PCBLine
            Error: Import is not implemented for: KiCadLib.PCB.PCBLine
            Error: Import is not implemented for: KiCadLib.PCB.PCBLine
            Error: Import is not implemented for: KiCadLib.PCB.PCBLine
            Error: Import is not implemented for: KiCadLib.PCB.PCBLine
            Error: Import is not implemented for: KiCadLib.PCB.PCBLine
            Error: Import is not implemented for: KiCadLib.PCB.PCBLine
            Error: Import is not implemented for: KiCadLib.PCB.PCBLine
        EndSection
        Section : Component D1 importing.
            Error: Import is not implemented for: KiCadLib.PCB.PCBLine
            Error: Import is not implemented for: KiCadLib.PCB.PCBLine
            Error: Import is not implemented for: KiCadLib.PCB.PCBLine
            Error: Import is not implemented for: KiCadLib.PCB.PCBLine
            Error: Import is not implemented for: KiCadLib.PCB.PCBLine
            Error: Import is not implemented for: KiCadLib.PCB.PCBLine
            Error: Import is not implemented for: KiCadLib.PCB.PCBLine
            Error: Import is not implemented for: KiCadLib.PCB.PCBLine
            Error: Import is not implemented for: KiCadLib.PCB.PCBLine
            Error: Import is not implemented for: KiCadLib.PCB.PCBLine
            Error: Import is not implemented for: KiCadLib.PCB.PCBLine
            Error: Import is not implemented for: KiCadLib.PCB.PCBLine
        EndSection
        Section : Component D4 importing.
            Error: Import is not implemented for: KiCadLib.PCB.PCBLine
            Error: Import is not implemented for: KiCadLib.PCB.PCBLine
            Error: Import is not implemented for: KiCadLib.PCB.PCBLine
            Error: Import is not implemented for: KiCadLib.PCB.PCBLine
            Error: Import is not implemented for: KiCadLib.PCB.PCBLine
            Error: Import is not implemented for: KiCadLib.PCB.PCBLine
            Error: Import is not implemented for: KiCadLib.PCB.PCBLine
            Error: Import is not implemented for: KiCadLib.PCB.PCBLine
            Error: Import is not implemented for: KiCadLib.PCB.PCBLine
            Error: Import is not implemented for: KiCadLib.PCB.PCBLine
            Error: Import is not implemented for: KiCadLib.PCB.PCBLine
            Error: Import is not implemented for: KiCadLib.PCB.PCBLine
        EndSection
        Section : Component U6 importing.
        EndSection
        Section : Component C18 importing.
            Error: Import is not implemented for: KiCadLib.PCB.PCBLine
            Error: Import is not implemented for: KiCadLib.PCB.PCBLine
            Error: Import is not implemented for: KiCadLib.PCB.PCBLine
            Error: Import is not implemented for: KiCadLib.PCB.PCBLine
            Error: Import is not implemented for: KiCadLib.PCB.PCBLine
            Error: Import is not implemented for: KiCadLib.PCB.PCBLine
            Error: Import is not implemented for: KiCadLib.PCB.PCBLine
            Error: Import is not implemented for: KiCadLib.PCB.PCBLine
            Error: Import is not implemented for: KiCadLib.PCB.PCBLine
            Error: Import is not implemented for: KiCadLib.PCB.PCBLine
        EndSection
        Section : Component R11 importing.
            Error: Import is not implemented for: KiCadLib.PCB.PCBLine
            Error: Import is not implemented for: KiCadLib.PCB.PCBLine
            Error: Import is not implemented for: KiCadLib.PCB.PCBLine
            Error: Import is not implemented for: KiCadLib.PCB.PCBLine
            Error: Import is not implemented for: KiCadLib.PCB.PCBLine
            Error: Import is not implemented for: KiCadLib.PCB.PCBLine
            Error: Import is not implemented for: KiCadLib.PCB.PCBLine
            Error: Import is not implemented for: KiCadLib.PCB.PCBLine
            Error: Import is not implemented for: KiCadLib.PCB.PCBLine
            Error: Import is not implemented for: KiCadLib.PCB.PCBLine
        EndSection
        Section : Component L2 importing.
            Error: Import is not implemented for: KiCadLib.PCB.PCBLine
            Error: Import is not implemented for: KiCadLib.PCB.PCBLine
            Error: Import is not implemented for: KiCadLib.PCB.PCBLine
            Error: Import is not implemented for: KiCadLib.PCB.PCBLine
            Error: Import is not implemented for: KiCadLib.PCB.PCBLine
            Error: Import is not implemented for: KiCadLib.PCB.PCBLine
            Error: Import is not implemented for: KiCadLib.PCB.PCBLine
            Error: Import is not implemented for: KiCadLib.PCB.PCBLine
            Error: Import is not implemented for: KiCadLib.PCB.PCBLine
            Error: Import is not implemented for: KiCadLib.PCB.PCBLine
        EndSection
        Section : Component R2 importing.
            Error: Import is not implemented for: KiCadLib.PCB.PCBLine
            Error: Import is not implemented for: KiCadLib.PCB.PCBLine
            Error: Import is not implemented for: KiCadLib.PCB.PCBLine
            Error: Import is not implemented for: KiCadLib.PCB.PCBLine
            Error: Import is not implemented for: KiCadLib.PCB.PCBLine
            Error: Import is not implemented for: KiCadLib.PCB.PCBLine
            Error: Import is not implemented for: KiCadLib.PCB.PCBLine
            Error: Import is not implemented for: KiCadLib.PCB.PCBLine
            Error: Import is not implemented for: KiCadLib.PCB.PCBLine
            Error: Import is not implemented for: KiCadLib.PCB.PCBLine
        EndSection
        Section : Component R4 importing.
            Error: Import is not implemented for: KiCadLib.PCB.PCBLine
            Error: Import is not implemented for: KiCadLib.PCB.PCBLine
            Error: Import is not implemented for: KiCadLib.PCB.PCBLine
            Error: Import is not implemented for: KiCadLib.PCB.PCBLine
            Error: Import is not implemented for: KiCadLib.PCB.PCBLine
            Error: Import is not implemented for: KiCadLib.PCB.PCBLine
            Error: Import is not implemented for: KiCadLib.PCB.PCBLine
            Error: Import is not implemented for: KiCadLib.PCB.PCBLine
            Error: Import is not implemented for: KiCadLib.PCB.PCBLine
            Error: Import is not implemented for: KiCadLib.PCB.PCBLine
        EndSection
        Section : Component R13 importing.
            Error: Import is not implemented for: KiCadLib.PCB.PCBLine
            Error: Import is not implemented for: KiCadLib.PCB.PCBLine
            Error: Import is not implemented for: KiCadLib.PCB.PCBLine
            Error: Import is not implemented for: KiCadLib.PCB.PCBLine
            Error: Import is not implemented for: KiCadLib.PCB.PCBLine
            Error: Import is not implemented for: KiCadLib.PCB.PCBLine
            Error: Import is not implemented for: KiCadLib.PCB.PCBLine
            Error: Import is not implemented for: KiCadLib.PCB.PCBLine
            Error: Import is not implemented for: KiCadLib.PCB.PCBLine
            Error: Import is not implemented for: KiCadLib.PCB.PCBLine
        EndSection
        Section : Component C24 importing.
            Error: Import is not implemented for: KiCadLib.PCB.PCBLine
            Error: Import is not implemented for: KiCadLib.PCB.PCBLine
            Error: Import is not implemented for: KiCadLib.PCB.PCBLine
            Error: Import is not implemented for: KiCadLib.PCB.PCBLine
            Error: Import is not implemented for: KiCadLib.PCB.PCBLine
            Error: Import is not implemented for: KiCadLib.PCB.PCBLine
            Error: Import is not implemented for: KiCadLib.PCB.PCBLine
            Error: Import is not implemented for: KiCadLib.PCB.PCBLine
            Error: Import is not implemented for: KiCadLib.PCB.PCBLine
            Error: Import is not implemented for: KiCadLib.PCB.PCBLine
        EndSection
        Section : Component R6 importing.
            Error: Import is not implemented for: KiCadLib.PCB.PCBLine
            Error: Import is not implemented for: KiCadLib.PCB.PCBLine
            Error: Import is not implemented for: KiCadLib.PCB.PCBLine
            Error: Import is not implemented for: KiCadLib.PCB.PCBLine
            Error: Import is not implemented for: KiCadLib.PCB.PCBLine
            Error: Import is not implemented for: KiCadLib.PCB.PCBLine
            Error: Import is not implemented for: KiCadLib.PCB.PCBLine
            Error: Import is not implemented for: KiCadLib.PCB.PCBLine
            Error: Import is not implemented for: KiCadLib.PCB.PCBLine
            Error: Import is not implemented for: KiCadLib.PCB.PCBLine
        EndSection
        Section : Component H2 importing.
        EndSection
        Section : Component R3 importing.
            Error: Import is not implemented for: KiCadLib.PCB.PCBLine
            Error: Import is not implemented for: KiCadLib.PCB.PCBLine
            Error: Import is not implemented for: KiCadLib.PCB.PCBLine
            Error: Import is not implemented for: KiCadLib.PCB.PCBLine
            Error: Import is not implemented for: KiCadLib.PCB.PCBLine
            Error: Import is not implemented for: KiCadLib.PCB.PCBLine
            Error: Import is not implemented for: KiCadLib.PCB.PCBLine
            Error: Import is not implemented for: KiCadLib.PCB.PCBLine
            Error: Import is not implemented for: KiCadLib.PCB.PCBLine
            Error: Import is not implemented for: KiCadLib.PCB.PCBLine
        EndSection
        Section : Component C15 importing.
            Error: Import is not implemented for: KiCadLib.PCB.PCBLine
            Error: Import is not implemented for: KiCadLib.PCB.PCBLine
            Error: Import is not implemented for: KiCadLib.PCB.PCBLine
            Error: Import is not implemented for: KiCadLib.PCB.PCBLine
            Error: Import is not implemented for: KiCadLib.PCB.PCBLine
            Error: Import is not implemented for: KiCadLib.PCB.PCBLine
            Error: Import is not implemented for: KiCadLib.PCB.PCBLine
            Error: Import is not implemented for: KiCadLib.PCB.PCBLine
            Error: Import is not implemented for: KiCadLib.PCB.PCBLine
            Error: Import is not implemented for: KiCadLib.PCB.PCBLine
        EndSection
        Section : Component U2 importing.
            Error: Import is not implemented for: KiCadLib.PCB.PCBLine
            Error: Import is not implemented for: KiCadLib.PCB.PCBLine
            Error: Import is not implemented for: KiCadLib.PCB.PCBLine
            Error: Import is not implemented for: KiCadLib.PCB.PCBLine
            Error: Import is not implemented for: KiCadLib.PCB.PCBLine
            Error: Import is not implemented for: KiCadLib.PCB.PCBLine
            Error: Import is not implemented for: KiCadLib.PCB.PCBLine
            Error: Import is not implemented for: KiCadLib.PCB.PCBLine
            Error: Import is not implemented for: KiCadLib.PCB.PCBLine
            Error: Import is not implemented for: KiCadLib.PCB.PCBLine
            Error: Import is not implemented for: KiCadLib.PCB.PCBLine
            Error: Import is not implemented for: KiCadLib.PCB.PCBLine
            Error: Import is not implemented for: KiCadLib.PCB.PCBLine
        EndSection
        Section : Component R5 importing.
            Error: Import is not implemented for: KiCadLib.PCB.PCBLine
            Error: Import is not implemented for: KiCadLib.PCB.PCBLine
            Error: Import is not implemented for: KiCadLib.PCB.PCBLine
            Error: Import is not implemented for: KiCadLib.PCB.PCBLine
            Error: Import is not implemented for: KiCadLib.PCB.PCBLine
            Error: Import is not implemented for: KiCadLib.PCB.PCBLine
            Error: Import is not implemented for: KiCadLib.PCB.PCBLine
            Error: Import is not implemented for: KiCadLib.PCB.PCBLine
            Error: Import is not implemented for: KiCadLib.PCB.PCBLine
            Error: Import is not implemented for: KiCadLib.PCB.PCBLine
        EndSection
        Section : Component D2 importing.
            Error: Import is not implemented for: KiCadLib.PCB.PCBLine
            Error: Import is not implemented for: KiCadLib.PCB.PCBLine
            Error: Import is not implemented for: KiCadLib.PCB.PCBLine
            Error: Import is not implemented for: KiCadLib.PCB.PCBLine
            Error: Import is not implemented for: KiCadLib.PCB.PCBLine
            Error: Import is not implemented for: KiCadLib.PCB.PCBLine
            Error: Import is not implemented for: KiCadLib.PCB.PCBLine
            Error: Import is not implemented for: KiCadLib.PCB.PCBLine
            Error: Import is not implemented for: KiCadLib.PCB.PCBLine
            Error: Import is not implemented for: KiCadLib.PCB.PCBLine
            Error: Import is not implemented for: KiCadLib.PCB.PCBLine
            Error: Import is not implemented for: KiCadLib.PCB.PCBLine
        EndSection
        Section : Component L1 importing.
            Error: Import is not implemented for: KiCadLib.PCB.PCBLine
            Error: Import is not implemented for: KiCadLib.PCB.PCBLine
            Error: Import is not implemented for: KiCadLib.PCB.PCBLine
            Error: Import is not implemented for: KiCadLib.PCB.PCBLine
            Error: Import is not implemented for: KiCadLib.PCB.PCBLine
            Error: Import is not implemented for: KiCadLib.PCB.PCBLine
            Error: Import is not implemented for: KiCadLib.PCB.PCBLine
            Error: Import is not implemented for: KiCadLib.PCB.PCBLine
            Error: Import is not implemented for: KiCadLib.PCB.PCBLine
            Error: Import is not implemented for: KiCadLib.PCB.PCBLine
        EndSection
        Section : Component C6 importing.
            Error: Import is not implemented for: KiCadLib.PCB.PCBLine
            Error: Import is not implemented for: KiCadLib.PCB.PCBLine
            Error: Import is not implemented for: KiCadLib.PCB.PCBLine
            Error: Import is not implemented for: KiCadLib.PCB.PCBLine
            Error: Import is not implemented for: KiCadLib.PCB.PCBLine
            Error: Import is not implemented for: KiCadLib.PCB.PCBLine
            Error: Import is not implemented for: KiCadLib.PCB.PCBLine
            Error: Import is not implemented for: KiCadLib.PCB.PCBLine
            Error: Import is not implemented for: KiCadLib.PCB.PCBLine
            Error: Import is not implemented for: KiCadLib.PCB.PCBLine
        EndSection
        Section : Component R1 importing.
            Error: Import is not implemented for: KiCadLib.PCB.PCBLine
            Error: Import is not implemented for: KiCadLib.PCB.PCBLine
            Error: Import is not implemented for: KiCadLib.PCB.PCBLine
            Error: Import is not implemented for: KiCadLib.PCB.PCBLine
            Error: Import is not implemented for: KiCadLib.PCB.PCBLine
            Error: Import is not implemented for: KiCadLib.PCB.PCBLine
            Error: Import is not implemented for: KiCadLib.PCB.PCBLine
            Error: Import is not implemented for: KiCadLib.PCB.PCBLine
            Error: Import is not implemented for: KiCadLib.PCB.PCBLine
            Error: Import is not implemented for: KiCadLib.PCB.PCBLine
        EndSection
        Section : Component R12 importing.
            Error: Import is not implemented for: KiCadLib.PCB.PCBLine
            Error: Import is not implemented for: KiCadLib.PCB.PCBLine
            Error: Import is not implemented for: KiCadLib.PCB.PCBLine
            Error: Import is not implemented for: KiCadLib.PCB.PCBLine
            Error: Import is not implemented for: KiCadLib.PCB.PCBLine
            Error: Import is not implemented for: KiCadLib.PCB.PCBLine
            Error: Import is not implemented for: KiCadLib.PCB.PCBLine
            Error: Import is not implemented for: KiCadLib.PCB.PCBLine
            Error: Import is not implemented for: KiCadLib.PCB.PCBLine
            Error: Import is not implemented for: KiCadLib.PCB.PCBLine
        EndSection
        Section : Component C23 importing.
            Error: Import is not implemented for: KiCadLib.PCB.PCBLine
            Error: Import is not implemented for: KiCadLib.PCB.PCBLine
            Error: Import is not implemented for: KiCadLib.PCB.PCBLine
            Error: Import is not implemented for: KiCadLib.PCB.PCBLine
            Error: Import is not implemented for: KiCadLib.PCB.PCBLine
            Error: Import is not implemented for: KiCadLib.PCB.PCBLine
            Error: Import is not implemented for: KiCadLib.PCB.PCBLine
            Error: Import is not implemented for: KiCadLib.PCB.PCBLine
            Error: Import is not implemented for: KiCadLib.PCB.PCBLine
            Error: Import is not implemented for: KiCadLib.PCB.PCBLine
        EndSection
        Section : Component R18 importing.
            Error: Import is not implemented for: KiCadLib.PCB.PCBLine
            Error: Import is not implemented for: KiCadLib.PCB.PCBLine
            Error: Import is not implemented for: KiCadLib.PCB.PCBLine
            Error: Import is not implemented for: KiCadLib.PCB.PCBLine
            Error: Import is not implemented for: KiCadLib.PCB.PCBLine
            Error: Import is not implemented for: KiCadLib.PCB.PCBLine
            Error: Import is not implemented for: KiCadLib.PCB.PCBLine
            Error: Import is not implemented for: KiCadLib.PCB.PCBLine
            Error: Import is not implemented for: KiCadLib.PCB.PCBLine
            Error: Import is not implemented for: KiCadLib.PCB.PCBLine
        EndSection
        Section : Component U5 importing.
            Error: Import is not implemented for: KiCadLib.PCB.PCBLine
            Error: Import is not implemented for: KiCadLib.PCB.PCBLine
            Error: Import is not implemented for: KiCadLib.PCB.PCBLine
            Error: Import is not implemented for: KiCadLib.PCB.PCBLine
            Error: Import is not implemented for: KiCadLib.PCB.PCBLine
            Error: Import is not implemented for: KiCadLib.PCB.PCBLine
            Error: Import is not implemented for: KiCadLib.PCB.PCBLine
            Error: Import is not implemented for: KiCadLib.PCB.PCBLine
            Error: Import is not implemented for: KiCadLib.PCB.PCBLine
            Error: Import is not implemented for: KiCadLib.PCB.PCBLine
            Error: Import is not implemented for: KiCadLib.PCB.PCBLine
        EndSection
        Section : Component C4 importing.
            Error: Import is not implemented for: KiCadLib.PCB.PCBLine
            Error: Import is not implemented for: KiCadLib.PCB.PCBLine
            Error: Import is not implemented for: KiCadLib.PCB.PCBLine
            Error: Import is not implemented for: KiCadLib.PCB.PCBLine
            Error: Import is not implemented for: KiCadLib.PCB.PCBLine
            Error: Import is not implemented for: KiCadLib.PCB.PCBLine
            Error: Import is not implemented for: KiCadLib.PCB.PCBLine
            Error: Import is not implemented for: KiCadLib.PCB.PCBLine
            Error: Import is not implemented for: KiCadLib.PCB.PCBLine
            Error: Import is not implemented for: KiCadLib.PCB.PCBLine
        EndSection
        Section : Component C44 importing.
            Error: Import is not implemented for: KiCadLib.PCB.PCBLine
            Error: Import is not implemented for: KiCadLib.PCB.PCBLine
            Error: Import is not implemented for: KiCadLib.PCB.PCBLine
            Error: Import is not implemented for: KiCadLib.PCB.PCBLine
            Error: Import is not implemented for: KiCadLib.PCB.PCBLine
            Error: Import is not implemented for: KiCadLib.PCB.PCBLine
            Error: Import is not implemented for: KiCadLib.PCB.PCBLine
            Error: Import is not implemented for: KiCadLib.PCB.PCBLine
            Error: Import is not implemented for: KiCadLib.PCB.PCBLine
            Error: Import is not implemented for: KiCadLib.PCB.PCBLine
        EndSection
        Section : Component C17 importing.
            Error: Import is not implemented for: KiCadLib.PCB.PCBLine
            Error: Import is not implemented for: KiCadLib.PCB.PCBLine
            Error: Import is not implemented for: KiCadLib.PCB.PCBLine
            Error: Import is not implemented for: KiCadLib.PCB.PCBLine
            Error: Import is not implemented for: KiCadLib.PCB.PCBLine
            Error: Import is not implemented for: KiCadLib.PCB.PCBLine
            Error: Import is not implemented for: KiCadLib.PCB.PCBLine
            Error: Import is not implemented for: KiCadLib.PCB.PCBLine
            Error: Import is not implemented for: KiCadLib.PCB.PCBLine
            Error: Import is not implemented for: KiCadLib.PCB.PCBLine
        EndSection
        Section : Component C46 importing.
            Error: Import is not implemented for: KiCadLib.PCB.PCBLine
            Error: Import is not implemented for: KiCadLib.PCB.PCBLine
            Error: Import is not implemented for: KiCadLib.PCB.PCBLine
            Error: Import is not implemented for: KiCadLib.PCB.PCBLine
            Error: Import is not implemented for: KiCadLib.PCB.PCBLine
            Error: Import is not implemented for: KiCadLib.PCB.PCBLine
            Error: Import is not implemented for: KiCadLib.PCB.PCBLine
            Error: Import is not implemented for: KiCadLib.PCB.PCBLine
            Error: Import is not implemented for: KiCadLib.PCB.PCBLine
            Error: Import is not implemented for: KiCadLib.PCB.PCBLine
        EndSection
        Section : Component C5 importing.
            Error: Import is not implemented for: KiCadLib.PCB.PCBLine
            Error: Import is not implemented for: KiCadLib.PCB.PCBLine
            Error: Import is not implemented for: KiCadLib.PCB.PCBLine
            Error: Import is not implemented for: KiCadLib.PCB.PCBLine
            Error: Import is not implemented for: KiCadLib.PCB.PCBLine
            Error: Import is not implemented for: KiCadLib.PCB.PCBLine
            Error: Import is not implemented for: KiCadLib.PCB.PCBLine
            Error: Import is not implemented for: KiCadLib.PCB.PCBLine
            Error: Import is not implemented for: KiCadLib.PCB.PCBLine
            Error: Import is not implemented for: KiCadLib.PCB.PCBLine
        EndSection
        Section : Component D3 importing.
            Error: Import is not implemented for: KiCadLib.PCB.PCBLine
            Error: Import is not implemented for: KiCadLib.PCB.PCBLine
            Error: Import is not implemented for: KiCadLib.PCB.PCBLine
            Error: Import is not implemented for: KiCadLib.PCB.PCBLine
            Error: Import is not implemented for: KiCadLib.PCB.PCBLine
            Error: Import is not implemented for: KiCadLib.PCB.PCBLine
            Error: Import is not implemented for: KiCadLib.PCB.PCBLine
            Error: Import is not implemented for: KiCadLib.PCB.PCBLine
            Error: Import is not implemented for: KiCadLib.PCB.PCBLine
            Error: Import is not implemented for: KiCadLib.PCB.PCBLine
            Error: Import is not implemented for: KiCadLib.PCB.PCBLine
            Error: Import is not implemented for: KiCadLib.PCB.PCBLine
        EndSection
        Section : Component C1 importing.
            Error: Import is not implemented for: KiCadLib.PCB.PCBLine
            Error: Import is not implemented for: KiCadLib.PCB.PCBLine
            Error: Import is not implemented for: KiCadLib.PCB.PCBLine
            Error: Import is not implemented for: KiCadLib.PCB.PCBLine
            Error: Import is not implemented for: KiCadLib.PCB.PCBLine
            Error: Import is not implemented for: KiCadLib.PCB.PCBLine
            Error: Import is not implemented for: KiCadLib.PCB.PCBLine
            Error: Import is not implemented for: KiCadLib.PCB.PCBLine
            Error: Import is not implemented for: KiCadLib.PCB.PCBLine
            Error: Import is not implemented for: KiCadLib.PCB.PCBLine
        EndSection
        Section : Component H4 importing.
        EndSection
        Section : Component R8 importing.
            Error: Import is not implemented for: KiCadLib.PCB.PCBLine
            Error: Import is not implemented for: KiCadLib.PCB.PCBLine
            Error: Import is not implemented for: KiCadLib.PCB.PCBLine
            Error: Import is not implemented for: KiCadLib.PCB.PCBLine
            Error: Import is not implemented for: KiCadLib.PCB.PCBLine
            Error: Import is not implemented for: KiCadLib.PCB.PCBLine
            Error: Import is not implemented for: KiCadLib.PCB.PCBLine
            Error: Import is not implemented for: KiCadLib.PCB.PCBLine
            Error: Import is not implemented for: KiCadLib.PCB.PCBLine
            Error: Import is not implemented for: KiCadLib.PCB.PCBLine
        EndSection
        Section : Component C2 importing.
            Error: Import is not implemented for: KiCadLib.PCB.PCBLine
            Error: Import is not implemented for: KiCadLib.PCB.PCBLine
            Error: Import is not implemented for: KiCadLib.PCB.PCBLine
            Error: Import is not implemented for: KiCadLib.PCB.PCBLine
            Error: Import is not implemented for: KiCadLib.PCB.PCBLine
            Error: Import is not implemented for: KiCadLib.PCB.PCBLine
            Error: Import is not implemented for: KiCadLib.PCB.PCBLine
            Error: Import is not implemented for: KiCadLib.PCB.PCBLine
            Error: Import is not implemented for: KiCadLib.PCB.PCBLine
            Error: Import is not implemented for: KiCadLib.PCB.PCBLine
        EndSection
        Section : Component C10 importing.
            Error: Import is not implemented for: KiCadLib.PCB.PCBLine
            Error: Import is not implemented for: KiCadLib.PCB.PCBLine
            Error: Import is not implemented for: KiCadLib.PCB.PCBLine
            Error: Import is not implemented for: KiCadLib.PCB.PCBLine
            Error: Import is not implemented for: KiCadLib.PCB.PCBLine
            Error: Import is not implemented for: KiCadLib.PCB.PCBLine
            Error: Import is not implemented for: KiCadLib.PCB.PCBLine
            Error: Import is not implemented for: KiCadLib.PCB.PCBLine
            Error: Import is not implemented for: KiCadLib.PCB.PCBLine
            Error: Import is not implemented for: KiCadLib.PCB.PCBLine
        EndSection
        Section : Component U4 importing.
            Error: Import is not implemented for: KiCadLib.PCB.PCBLine
            Error: Import is not implemented for: KiCadLib.PCB.PCBLine
            Error: Import is not implemented for: KiCadLib.PCB.PCBLine
            Error: Import is not implemented for: KiCadLib.PCB.PCBLine
            Error: Import is not implemented for: KiCadLib.PCB.PCBLine
            Error: Import is not implemented for: KiCadLib.PCB.PCBLine
            Error: Import is not implemented for: KiCadLib.PCB.PCBLine
            Error: Import is not implemented for: KiCadLib.PCB.PCBLine
            Error: Import is not implemented for: KiCadLib.PCB.PCBLine
            Error: Import is not implemented for: KiCadLib.PCB.PCBLine
            Error: Import is not implemented for: KiCadLib.PCB.PCBLine
            Error: Import is not implemented for: KiCadLib.PCB.PCBLine
            Error: Import is not implemented for: KiCadLib.PCB.PCBLine
        EndSection
        Section : Component C11 importing.
            Error: Import is not implemented for: KiCadLib.PCB.PCBLine
            Error: Import is not implemented for: KiCadLib.PCB.PCBLine
            Error: Import is not implemented for: KiCadLib.PCB.PCBLine
            Error: Import is not implemented for: KiCadLib.PCB.PCBLine
            Error: Import is not implemented for: KiCadLib.PCB.PCBLine
            Error: Import is not implemented for: KiCadLib.PCB.PCBLine
            Error: Import is not implemented for: KiCadLib.PCB.PCBLine
            Error: Import is not implemented for: KiCadLib.PCB.PCBLine
            Error: Import is not implemented for: KiCadLib.PCB.PCBLine
            Error: Import is not implemented for: KiCadLib.PCB.PCBLine
        EndSection
        Section : Component R9 importing.
            Error: Import is not implemented for: KiCadLib.PCB.PCBLine
            Error: Import is not implemented for: KiCadLib.PCB.PCBLine
            Error: Import is not implemented for: KiCadLib.PCB.PCBLine
            Error: Import is not implemented for: KiCadLib.PCB.PCBLine
            Error: Import is not implemented for: KiCadLib.PCB.PCBLine
            Error: Import is not implemented for: KiCadLib.PCB.PCBLine
            Error: Import is not implemented for: KiCadLib.PCB.PCBLine
            Error: Import is not implemented for: KiCadLib.PCB.PCBLine
            Error: Import is not implemented for: KiCadLib.PCB.PCBLine
            Error: Import is not implemented for: KiCadLib.PCB.PCBLine
        EndSection
        Section : Component C38 importing.
            Error: Import is not implemented for: KiCadLib.PCB.PCBLine
            Error: Import is not implemented for: KiCadLib.PCB.PCBLine
            Error: Import is not implemented for: KiCadLib.PCB.PCBLine
            Error: Import is not implemented for: KiCadLib.PCB.PCBLine
            Error: Import is not implemented for: KiCadLib.PCB.PCBLine
            Error: Import is not implemented for: KiCadLib.PCB.PCBLine
            Error: Import is not implemented for: KiCadLib.PCB.PCBLine
            Error: Import is not implemented for: KiCadLib.PCB.PCBLine
            Error: Import is not implemented for: KiCadLib.PCB.PCBLine
            Error: Import is not implemented for: KiCadLib.PCB.PCBLine
        EndSection
        Section : Component C40 importing.
            Error: Import is not implemented for: KiCadLib.PCB.PCBLine
            Error: Import is not implemented for: KiCadLib.PCB.PCBLine
            Error: Import is not implemented for: KiCadLib.PCB.PCBLine
            Error: Import is not implemented for: KiCadLib.PCB.PCBLine
            Error: Import is not implemented for: KiCadLib.PCB.PCBLine
            Error: Import is not implemented for: KiCadLib.PCB.PCBLine
            Error: Import is not implemented for: KiCadLib.PCB.PCBLine
            Error: Import is not implemented for: KiCadLib.PCB.PCBLine
            Error: Import is not implemented for: KiCadLib.PCB.PCBLine
            Error: Import is not implemented for: KiCadLib.PCB.PCBLine
        EndSection
        Section : Component C42 importing.
            Error: Import is not implemented for: KiCadLib.PCB.PCBLine
            Error: Import is not implemented for: KiCadLib.PCB.PCBLine
            Error: Import is not implemented for: KiCadLib.PCB.PCBLine
            Error: Import is not implemented for: KiCadLib.PCB.PCBLine
            Error: Import is not implemented for: KiCadLib.PCB.PCBLine
            Error: Import is not implemented for: KiCadLib.PCB.PCBLine
            Error: Import is not implemented for: KiCadLib.PCB.PCBLine
            Error: Import is not implemented for: KiCadLib.PCB.PCBLine
            Error: Import is not implemented for: KiCadLib.PCB.PCBLine
            Error: Import is not implemented for: KiCadLib.PCB.PCBLine
        EndSection
        Section : Component C30 importing.
            Error: Import is not implemented for: KiCadLib.PCB.PCBLine
            Error: Import is not implemented for: KiCadLib.PCB.PCBLine
            Error: Import is not implemented for: KiCadLib.PCB.PCBLine
            Error: Import is not implemented for: KiCadLib.PCB.PCBLine
            Error: Import is not implemented for: KiCadLib.PCB.PCBLine
            Error: Import is not implemented for: KiCadLib.PCB.PCBLine
            Error: Import is not implemented for: KiCadLib.PCB.PCBLine
            Error: Import is not implemented for: KiCadLib.PCB.PCBLine
            Error: Import is not implemented for: KiCadLib.PCB.PCBLine
            Error: Import is not implemented for: KiCadLib.PCB.PCBLine
        EndSection
        Section : Component C31 importing.
            Error: Import is not implemented for: KiCadLib.PCB.PCBLine
            Error: Import is not implemented for: KiCadLib.PCB.PCBLine
            Error: Import is not implemented for: KiCadLib.PCB.PCBLine
            Error: Import is not implemented for: KiCadLib.PCB.PCBLine
            Error: Import is not implemented for: KiCadLib.PCB.PCBLine
            Error: Import is not implemented for: KiCadLib.PCB.PCBLine
            Error: Import is not implemented for: KiCadLib.PCB.PCBLine
            Error: Import is not implemented for: KiCadLib.PCB.PCBLine
            Error: Import is not implemented for: KiCadLib.PCB.PCBLine
            Error: Import is not implemented for: KiCadLib.PCB.PCBLine
        EndSection
        Section : Component C8 importing.
            Error: Import is not implemented for: KiCadLib.PCB.PCBLine
            Error: Import is not implemented for: KiCadLib.PCB.PCBLine
            Error: Import is not implemented for: KiCadLib.PCB.PCBLine
            Error: Import is not implemented for: KiCadLib.PCB.PCBLine
            Error: Import is not implemented for: KiCadLib.PCB.PCBLine
            Error: Import is not implemented for: KiCadLib.PCB.PCBLine
            Error: Import is not implemented for: KiCadLib.PCB.PCBLine
            Error: Import is not implemented for: KiCadLib.PCB.PCBLine
            Error: Import is not implemented for: KiCadLib.PCB.PCBLine
            Error: Import is not implemented for: KiCadLib.PCB.PCBLine
        EndSection
        Section : Component J3 importing.
            Error: Import is not implemented for: KiCadLib.PCB.PCBLine
            Error: Import is not implemented for: KiCadLib.PCB.PCBLine
            Error: Import is not implemented for: KiCadLib.PCB.PCBLine
            Error: Import is not implemented for: KiCadLib.PCB.PCBLine
            Error: Import is not implemented for: KiCadLib.PCB.PCBLine
            Error: Import is not implemented for: KiCadLib.PCB.PCBLine
            Error: Import is not implemented for: KiCadLib.PCB.PCBLine
            Error: Import is not implemented for: KiCadLib.PCB.PCBLine
            Error: Import is not implemented for: KiCadLib.PCB.PCBLine
            Error: Import is not implemented for: KiCadLib.PCB.PCBLine
            Error: Import is not implemented for: KiCadLib.PCB.PCBLine
            Error: Import is not implemented for: KiCadLib.PCB.PCBLine
            Error: Import is not implemented for: KiCadLib.PCB.PCBLine
            Error: Import is not implemented for: KiCadLib.PCB.PCBLine
            Error: Import is not implemented for: KiCadLib.PCB.PCBLine
            Error: Import is not implemented for: KiCadLib.PCB.PCBLine
            Error: Import is not implemented for: KiCadLib.PCB.PCBLine
            Error: Import is not implemented for: KiCadLib.PCB.PCBLine
            Error: Import is not implemented for: KiCadLib.PCB.PCBLine
        EndSection
        Section : Component R15 importing.
            Error: Import is not implemented for: KiCadLib.PCB.PCBLine
            Error: Import is not implemented for: KiCadLib.PCB.PCBLine
            Error: Import is not implemented for: KiCadLib.PCB.PCBLine
            Error: Import is not implemented for: KiCadLib.PCB.PCBLine
            Error: Import is not implemented for: KiCadLib.PCB.PCBLine
            Error: Import is not implemented for: KiCadLib.PCB.PCBLine
            Error: Import is not implemented for: KiCadLib.PCB.PCBLine
            Error: Import is not implemented for: KiCadLib.PCB.PCBLine
            Error: Import is not implemented for: KiCadLib.PCB.PCBLine
            Error: Import is not implemented for: KiCadLib.PCB.PCBLine
        EndSection
        Section : Component C43 importing.
            Error: Import is not implemented for: KiCadLib.PCB.PCBLine
            Error: Import is not implemented for: KiCadLib.PCB.PCBLine
            Error: Import is not implemented for: KiCadLib.PCB.PCBLine
            Error: Import is not implemented for: KiCadLib.PCB.PCBLine
            Error: Import is not implemented for: KiCadLib.PCB.PCBLine
            Error: Import is not implemented for: KiCadLib.PCB.PCBLine
            Error: Import is not implemented for: KiCadLib.PCB.PCBLine
            Error: Import is not implemented for: KiCadLib.PCB.PCBLine
            Error: Import is not implemented for: KiCadLib.PCB.PCBLine
            Error: Import is not implemented for: KiCadLib.PCB.PCBLine
        EndSection
        Section : Component C12 importing.
            Error: Import is not implemented for: KiCadLib.PCB.PCBLine
            Error: Import is not implemented for: KiCadLib.PCB.PCBLine
            Error: Import is not implemented for: KiCadLib.PCB.PCBLine
            Error: Import is not implemented for: KiCadLib.PCB.PCBLine
            Error: Import is not implemented for: KiCadLib.PCB.PCBLine
            Error: Import is not implemented for: KiCadLib.PCB.PCBLine
            Error: Import is not implemented for: KiCadLib.PCB.PCBLine
            Error: Import is not implemented for: KiCadLib.PCB.PCBLine
            Error: Import is not implemented for: KiCadLib.PCB.PCBLine
            Error: Import is not implemented for: KiCadLib.PCB.PCBLine
        EndSection
        Section : Component J2 importing.
            Error: Import is not implemented for: KiCadLib.PCB.PCBLine
            Error: Import is not implemented for: KiCadLib.PCB.PCBLine
            Error: Import is not implemented for: KiCadLib.PCB.PCBLine
            Error: Import is not implemented for: KiCadLib.PCB.PCBLine
            Error: Import is not implemented for: KiCadLib.PCB.PCBLine
            Error: Import is not implemented for: KiCadLib.PCB.PCBLine
            Error: Import is not implemented for: KiCadLib.PCB.PCBLine
            Error: Import is not implemented for: KiCadLib.PCB.PCBLine
            Error: Import is not implemented for: KiCadLib.PCB.PCBLine
            Error: Import is not implemented for: KiCadLib.PCB.PCBLine
            Error: Import is not implemented for: KiCadLib.PCB.PCBLine
            Error: Import is not implemented for: KiCadLib.PCB.PCBLine
            Error: Import is not implemented for: KiCadLib.PCB.PCBLine
            Error: Import is not implemented for: KiCadLib.PCB.PCBLine
            Error: Import is not implemented for: KiCadLib.PCB.PCBLine
            Error: Import is not implemented for: KiCadLib.PCB.PCBLine
            Error: Import is not implemented for: KiCadLib.PCB.PCBLine
            Error: Import is not implemented for: KiCadLib.PCB.PCBLine
            Error: Import is not implemented for: KiCadLib.PCB.PCBLine
        EndSection
        Section : Component C25 importing.
            Error: Import is not implemented for: KiCadLib.PCB.PCBLine
            Error: Import is not implemented for: KiCadLib.PCB.PCBLine
            Error: Import is not implemented for: KiCadLib.PCB.PCBLine
            Error: Import is not implemented for: KiCadLib.PCB.PCBLine
            Error: Import is not implemented for: KiCadLib.PCB.PCBLine
            Error: Import is not implemented for: KiCadLib.PCB.PCBLine
            Error: Import is not implemented for: KiCadLib.PCB.PCBLine
            Error: Import is not implemented for: KiCadLib.PCB.PCBLine
            Error: Import is not implemented for: KiCadLib.PCB.PCBLine
            Error: Import is not implemented for: KiCadLib.PCB.PCBLine
        EndSection
        Section : Component C7 importing.
            Error: Import is not implemented for: KiCadLib.PCB.PCBLine
            Error: Import is not implemented for: KiCadLib.PCB.PCBLine
            Error: Import is not implemented for: KiCadLib.PCB.PCBLine
            Error: Import is not implemented for: KiCadLib.PCB.PCBLine
            Error: Import is not implemented for: KiCadLib.PCB.PCBLine
            Error: Import is not implemented for: KiCadLib.PCB.PCBLine
            Error: Import is not implemented for: KiCadLib.PCB.PCBLine
            Error: Import is not implemented for: KiCadLib.PCB.PCBLine
            Error: Import is not implemented for: KiCadLib.PCB.PCBLine
            Error: Import is not implemented for: KiCadLib.PCB.PCBLine
        EndSection
        Section : Component C27 importing.
            Error: Import is not implemented for: KiCadLib.PCB.PCBLine
            Error: Import is not implemented for: KiCadLib.PCB.PCBLine
            Error: Import is not implemented for: KiCadLib.PCB.PCBLine
            Error: Import is not implemented for: KiCadLib.PCB.PCBLine
            Error: Import is not implemented for: KiCadLib.PCB.PCBLine
            Error: Import is not implemented for: KiCadLib.PCB.PCBLine
            Error: Import is not implemented for: KiCadLib.PCB.PCBLine
            Error: Import is not implemented for: KiCadLib.PCB.PCBLine
            Error: Import is not implemented for: KiCadLib.PCB.PCBLine
            Error: Import is not implemented for: KiCadLib.PCB.PCBLine
        EndSection
        Section : Component C22 importing.
            Error: Import is not implemented for: KiCadLib.PCB.PCBLine
            Error: Import is not implemented for: KiCadLib.PCB.PCBLine
            Error: Import is not implemented for: KiCadLib.PCB.PCBLine
            Error: Import is not implemented for: KiCadLib.PCB.PCBLine
            Error: Import is not implemented for: KiCadLib.PCB.PCBLine
            Error: Import is not implemented for: KiCadLib.PCB.PCBLine
            Error: Import is not implemented for: KiCadLib.PCB.PCBLine
            Error: Import is not implemented for: KiCadLib.PCB.PCBLine
            Error: Import is not implemented for: KiCadLib.PCB.PCBLine
            Error: Import is not implemented for: KiCadLib.PCB.PCBLine
        EndSection
        Section : Component J4 importing.
            Error: Import is not implemented for: KiCadLib.PCB.PCBLine
            Error: Import is not implemented for: KiCadLib.PCB.PCBLine
            Error: Import is not implemented for: KiCadLib.PCB.PCBLine
            Error: Import is not implemented for: KiCadLib.PCB.PCBLine
            Error: Import is not implemented for: KiCadLib.PCB.PCBLine
            Error: Import is not implemented for: KiCadLib.PCB.PCBLine
            Error: Import is not implemented for: KiCadLib.PCB.PCBLine
            Error: Import is not implemented for: KiCadLib.PCB.PCBLine
            Error: Import is not implemented for: KiCadLib.PCB.PCBLine
            Error: Import is not implemented for: KiCadLib.PCB.PCBLine
            Error: Import is not implemented for: KiCadLib.PCB.PCBLine
            Error: Import is not implemented for: KiCadLib.PCB.PCBLine
            Error: Import is not implemented for: KiCadLib.PCB.PCBLine
            Error: Import is not implemented for: KiCadLib.PCB.PCBLine
            Error: Import is not implemented for: KiCadLib.PCB.PCBLine
            Error: Import is not implemented for: KiCadLib.PCB.PCBLine
            Error: Import is not implemented for: KiCadLib.PCB.PCBLine
            Error: Import is not implemented for: KiCadLib.PCB.PCBLine
            Error: Import is not implemented for: KiCadLib.PCB.PCBLine
        EndSection
        Section : Component C36 importing.
            Error: Import is not implemented for: KiCadLib.PCB.PCBLine
            Error: Import is not implemented for: KiCadLib.PCB.PCBLine
            Error: Import is not implemented for: KiCadLib.PCB.PCBLine
            Error: Import is not implemented for: KiCadLib.PCB.PCBLine
            Error: Import is not implemented for: KiCadLib.PCB.PCBLine
            Error: Import is not implemented for: KiCadLib.PCB.PCBLine
            Error: Import is not implemented for: KiCadLib.PCB.PCBLine
            Error: Import is not implemented for: KiCadLib.PCB.PCBLine
            Error: Import is not implemented for: KiCadLib.PCB.PCBLine
            Error: Import is not implemented for: KiCadLib.PCB.PCBLine
        EndSection
        Section : Component R16 importing.
            Error: Import is not implemented for: KiCadLib.PCB.PCBLine
            Error: Import is not implemented for: KiCadLib.PCB.PCBLine
            Error: Import is not implemented for: KiCadLib.PCB.PCBLine
            Error: Import is not implemented for: KiCadLib.PCB.PCBLine
            Error: Import is not implemented for: KiCadLib.PCB.PCBLine
            Error: Import is not implemented for: KiCadLib.PCB.PCBLine
            Error: Import is not implemented for: KiCadLib.PCB.PCBLine
            Error: Import is not implemented for: KiCadLib.PCB.PCBLine
            Error: Import is not implemented for: KiCadLib.PCB.PCBLine
            Error: Import is not implemented for: KiCadLib.PCB.PCBLine
        EndSection
        Section : Component C35 importing.
            Error: Import is not implemented for: KiCadLib.PCB.PCBLine
            Error: Import is not implemented for: KiCadLib.PCB.PCBLine
            Error: Import is not implemented for: KiCadLib.PCB.PCBLine
            Error: Import is not implemented for: KiCadLib.PCB.PCBLine
            Error: Import is not implemented for: KiCadLib.PCB.PCBLine
            Error: Import is not implemented for: KiCadLib.PCB.PCBLine
            Error: Import is not implemented for: KiCadLib.PCB.PCBLine
            Error: Import is not implemented for: KiCadLib.PCB.PCBLine
            Error: Import is not implemented for: KiCadLib.PCB.PCBLine
            Error: Import is not implemented for: KiCadLib.PCB.PCBLine
        EndSection
        Section : Component C28 importing.
            Error: Import is not implemented for: KiCadLib.PCB.PCBLine
            Error: Import is not implemented for: KiCadLib.PCB.PCBLine
            Error: Import is not implemented for: KiCadLib.PCB.PCBLine
            Error: Import is not implemented for: KiCadLib.PCB.PCBLine
            Error: Import is not implemented for: KiCadLib.PCB.PCBLine
            Error: Import is not implemented for: KiCadLib.PCB.PCBLine
            Error: Import is not implemented for: KiCadLib.PCB.PCBLine
            Error: Import is not implemented for: KiCadLib.PCB.PCBLine
            Error: Import is not implemented for: KiCadLib.PCB.PCBLine
            Error: Import is not implemented for: KiCadLib.PCB.PCBLine
        EndSection
        Section : Component C29 importing.
            Error: Import is not implemented for: KiCadLib.PCB.PCBLine
            Error: Import is not implemented for: KiCadLib.PCB.PCBLine
            Error: Import is not implemented for: KiCadLib.PCB.PCBLine
            Error: Import is not implemented for: KiCadLib.PCB.PCBLine
            Error: Import is not implemented for: KiCadLib.PCB.PCBLine
            Error: Import is not implemented for: KiCadLib.PCB.PCBLine
            Error: Import is not implemented for: KiCadLib.PCB.PCBLine
            Error: Import is not implemented for: KiCadLib.PCB.PCBLine
            Error: Import is not implemented for: KiCadLib.PCB.PCBLine
            Error: Import is not implemented for: KiCadLib.PCB.PCBLine
        EndSection
        Section : Component R10 importing.
            Error: Import is not implemented for: KiCadLib.PCB.PCBLine
            Error: Import is not implemented for: KiCadLib.PCB.PCBLine
            Error: Import is not implemented for: KiCadLib.PCB.PCBLine
            Error: Import is not implemented for: KiCadLib.PCB.PCBLine
            Error: Import is not implemented for: KiCadLib.PCB.PCBLine
            Error: Import is not implemented for: KiCadLib.PCB.PCBLine
            Error: Import is not implemented for: KiCadLib.PCB.PCBLine
            Error: Import is not implemented for: KiCadLib.PCB.PCBLine
            Error: Import is not implemented for: KiCadLib.PCB.PCBLine
            Error: Import is not implemented for: KiCadLib.PCB.PCBLine
        EndSection
        Section : Component R17 importing.
            Error: Import is not implemented for: KiCadLib.PCB.PCBLine
            Error: Import is not implemented for: KiCadLib.PCB.PCBLine
            Error: Import is not implemented for: KiCadLib.PCB.PCBLine
            Error: Import is not implemented for: KiCadLib.PCB.PCBLine
            Error: Import is not implemented for: KiCadLib.PCB.PCBLine
            Error: Import is not implemented for: KiCadLib.PCB.PCBLine
            Error: Import is not implemented for: KiCadLib.PCB.PCBLine
            Error: Import is not implemented for: KiCadLib.PCB.PCBLine
            Error: Import is not implemented for: KiCadLib.PCB.PCBLine
            Error: Import is not implemented for: KiCadLib.PCB.PCBLine
        EndSection
        Section : Component R7 importing.
            Error: Import is not implemented for: KiCadLib.PCB.PCBLine
            Error: Import is not implemented for: KiCadLib.PCB.PCBLine
            Error: Import is not implemented for: KiCadLib.PCB.PCBLine
            Error: Import is not implemented for: KiCadLib.PCB.PCBLine
            Error: Import is not implemented for: KiCadLib.PCB.PCBLine
            Error: Import is not implemented for: KiCadLib.PCB.PCBLine
            Error: Import is not implemented for: KiCadLib.PCB.PCBLine
            Error: Import is not implemented for: KiCadLib.PCB.PCBLine
            Error: Import is not implemented for: KiCadLib.PCB.PCBLine
            Error: Import is not implemented for: KiCadLib.PCB.PCBLine
        EndSection
        Section : Component C20 importing.
            Error: Import is not implemented for: KiCadLib.PCB.PCBLine
            Error: Import is not implemented for: KiCadLib.PCB.PCBLine
            Error: Import is not implemented for: KiCadLib.PCB.PCBLine
            Error: Import is not implemented for: KiCadLib.PCB.PCBLine
            Error: Import is not implemented for: KiCadLib.PCB.PCBLine
            Error: Import is not implemented for: KiCadLib.PCB.PCBLine
            Error: Import is not implemented for: KiCadLib.PCB.PCBLine
            Error: Import is not implemented for: KiCadLib.PCB.PCBLine
            Error: Import is not implemented for: KiCadLib.PCB.PCBLine
            Error: Import is not implemented for: KiCadLib.PCB.PCBLine
        EndSection
        Section : Component C9 importing.
            Error: Import is not implemented for: KiCadLib.PCB.PCBLine
            Error: Import is not implemented for: KiCadLib.PCB.PCBLine
            Error: Import is not implemented for: KiCadLib.PCB.PCBLine
            Error: Import is not implemented for: KiCadLib.PCB.PCBLine
            Error: Import is not implemented for: KiCadLib.PCB.PCBLine
            Error: Import is not implemented for: KiCadLib.PCB.PCBLine
            Error: Import is not implemented for: KiCadLib.PCB.PCBLine
            Error: Import is not implemented for: KiCadLib.PCB.PCBLine
            Error: Import is not implemented for: KiCadLib.PCB.PCBLine
            Error: Import is not implemented for: KiCadLib.PCB.PCBLine
        EndSection
        Section : Component C21 importing.
            Error: Import is not implemented for: KiCadLib.PCB.PCBLine
            Error: Import is not implemented for: KiCadLib.PCB.PCBLine
            Error: Import is not implemented for: KiCadLib.PCB.PCBLine
            Error: Import is not implemented for: KiCadLib.PCB.PCBLine
            Error: Import is not implemented for: KiCadLib.PCB.PCBLine
            Error: Import is not implemented for: KiCadLib.PCB.PCBLine
            Error: Import is not implemented for: KiCadLib.PCB.PCBLine
            Error: Import is not implemented for: KiCadLib.PCB.PCBLine
            Error: Import is not implemented for: KiCadLib.PCB.PCBLine
            Error: Import is not implemented for: KiCadLib.PCB.PCBLine
        EndSection
        Section : Component C34 importing.
            Error: Import is not implemented for: KiCadLib.PCB.PCBLine
            Error: Import is not implemented for: KiCadLib.PCB.PCBLine
            Error: Import is not implemented for: KiCadLib.PCB.PCBLine
            Error: Import is not implemented for: KiCadLib.PCB.PCBLine
            Error: Import is not implemented for: KiCadLib.PCB.PCBLine
            Error: Import is not implemented for: KiCadLib.PCB.PCBLine
            Error: Import is not implemented for: KiCadLib.PCB.PCBLine
            Error: Import is not implemented for: KiCadLib.PCB.PCBLine
            Error: Import is not implemented for: KiCadLib.PCB.PCBLine
            Error: Import is not implemented for: KiCadLib.PCB.PCBLine
        EndSection
        Section : Component C41 importing.
            Error: Import is not implemented for: KiCadLib.PCB.PCBLine
            Error: Import is not implemented for: KiCadLib.PCB.PCBLine
            Error: Import is not implemented for: KiCadLib.PCB.PCBLine
            Error: Import is not implemented for: KiCadLib.PCB.PCBLine
            Error: Import is not implemented for: KiCadLib.PCB.PCBLine
            Error: Import is not implemented for: KiCadLib.PCB.PCBLine
            Error: Import is not implemented for: KiCadLib.PCB.PCBLine
            Error: Import is not implemented for: KiCadLib.PCB.PCBLine
            Error: Import is not implemented for: KiCadLib.PCB.PCBLine
            Error: Import is not implemented for: KiCadLib.PCB.PCBLine
        EndSection
        Section : Component C37 importing.
            Error: Import is not implemented for: KiCadLib.PCB.PCBLine
            Error: Import is not implemented for: KiCadLib.PCB.PCBLine
            Error: Import is not implemented for: KiCadLib.PCB.PCBLine
            Error: Import is not implemented for: KiCadLib.PCB.PCBLine
            Error: Import is not implemented for: KiCadLib.PCB.PCBLine
            Error: Import is not implemented for: KiCadLib.PCB.PCBLine
            Error: Import is not implemented for: KiCadLib.PCB.PCBLine
            Error: Import is not implemented for: KiCadLib.PCB.PCBLine
            Error: Import is not implemented for: KiCadLib.PCB.PCBLine
            Error: Import is not implemented for: KiCadLib.PCB.PCBLine
        EndSection
        Section : Component C32 importing.
            Error: Import is not implemented for: KiCadLib.PCB.PCBLine
            Error: Import is not implemented for: KiCadLib.PCB.PCBLine
            Error: Import is not implemented for: KiCadLib.PCB.PCBLine
            Error: Import is not implemented for: KiCadLib.PCB.PCBLine
            Error: Import is not implemented for: KiCadLib.PCB.PCBLine
            Error: Import is not implemented for: KiCadLib.PCB.PCBLine
            Error: Import is not implemented for: KiCadLib.PCB.PCBLine
            Error: Import is not implemented for: KiCadLib.PCB.PCBLine
            Error: Import is not implemented for: KiCadLib.PCB.PCBLine
            Error: Import is not implemented for: KiCadLib.PCB.PCBLine
        EndSection
        Section : Component C26 importing.
            Error: Import is not implemented for: KiCadLib.PCB.PCBLine
            Error: Import is not implemented for: KiCadLib.PCB.PCBLine
            Error: Import is not implemented for: KiCadLib.PCB.PCBLine
            Error: Import is not implemented for: KiCadLib.PCB.PCBLine
            Error: Import is not implemented for: KiCadLib.PCB.PCBLine
            Error: Import is not implemented for: KiCadLib.PCB.PCBLine
            Error: Import is not implemented for: KiCadLib.PCB.PCBLine
            Error: Import is not implemented for: KiCadLib.PCB.PCBLine
            Error: Import is not implemented for: KiCadLib.PCB.PCBLine
            Error: Import is not implemented for: KiCadLib.PCB.PCBLine
        EndSection
        Section : Component C13 importing.
            Error: Import is not implemented for: KiCadLib.PCB.PCBLine
            Error: Import is not implemented for: KiCadLib.PCB.PCBLine
            Error: Import is not implemented for: KiCadLib.PCB.PCBLine
            Error: Import is not implemented for: KiCadLib.PCB.PCBLine
            Error: Import is not implemented for: KiCadLib.PCB.PCBLine
            Error: Import is not implemented for: KiCadLib.PCB.PCBLine
            Error: Import is not implemented for: KiCadLib.PCB.PCBLine
            Error: Import is not implemented for: KiCadLib.PCB.PCBLine
            Error: Import is not implemented for: KiCadLib.PCB.PCBLine
            Error: Import is not implemented for: KiCadLib.PCB.PCBLine
        EndSection
        Section : Component C16 importing.
            Error: Import is not implemented for: KiCadLib.PCB.PCBLine
            Error: Import is not implemented for: KiCadLib.PCB.PCBLine
            Error: Import is not implemented for: KiCadLib.PCB.PCBLine
            Error: Import is not implemented for: KiCadLib.PCB.PCBLine
            Error: Import is not implemented for: KiCadLib.PCB.PCBLine
            Error: Import is not implemented for: KiCadLib.PCB.PCBLine
            Error: Import is not implemented for: KiCadLib.PCB.PCBLine
            Error: Import is not implemented for: KiCadLib.PCB.PCBLine
            Error: Import is not implemented for: KiCadLib.PCB.PCBLine
            Error: Import is not implemented for: KiCadLib.PCB.PCBLine
        EndSection
        Section : Component C14 importing.
            Error: Import is not implemented for: KiCadLib.PCB.PCBLine
            Error: Import is not implemented for: KiCadLib.PCB.PCBLine
            Error: Import is not implemented for: KiCadLib.PCB.PCBLine
            Error: Import is not implemented for: KiCadLib.PCB.PCBLine
            Error: Import is not implemented for: KiCadLib.PCB.PCBLine
            Error: Import is not implemented for: KiCadLib.PCB.PCBLine
            Error: Import is not implemented for: KiCadLib.PCB.PCBLine
            Error: Import is not implemented for: KiCadLib.PCB.PCBLine
            Error: Import is not implemented for: KiCadLib.PCB.PCBLine
            Error: Import is not implemented for: KiCadLib.PCB.PCBLine
        EndSection
        Section : Component C39 importing.
            Error: Import is not implemented for: KiCadLib.PCB.PCBLine
            Error: Import is not implemented for: KiCadLib.PCB.PCBLine
            Error: Import is not implemented for: KiCadLib.PCB.PCBLine
            Error: Import is not implemented for: KiCadLib.PCB.PCBLine
            Error: Import is not implemented for: KiCadLib.PCB.PCBLine
            Error: Import is not implemented for: KiCadLib.PCB.PCBLine
            Error: Import is not implemented for: KiCadLib.PCB.PCBLine
            Error: Import is not implemented for: KiCadLib.PCB.PCBLine
            Error: Import is not implemented for: KiCadLib.PCB.PCBLine
            Error: Import is not implemented for: KiCadLib.PCB.PCBLine
        EndSection
        Section : Component C19 importing.
            Error: Import is not implemented for: KiCadLib.PCB.PCBLine
            Error: Import is not implemented for: KiCadLib.PCB.PCBLine
            Error: Import is not implemented for: KiCadLib.PCB.PCBLine
            Error: Import is not implemented for: KiCadLib.PCB.PCBLine
            Error: Import is not implemented for: KiCadLib.PCB.PCBLine
            Error: Import is not implemented for: KiCadLib.PCB.PCBLine
            Error: Import is not implemented for: KiCadLib.PCB.PCBLine
            Error: Import is not implemented for: KiCadLib.PCB.PCBLine
            Error: Import is not implemented for: KiCadLib.PCB.PCBLine
            Error: Import is not implemented for: KiCadLib.PCB.PCBLine
        EndSection
    EndSection
